"line_code","DAY_TYPE","station_code","is_peak","stations","AVG_RIDERS"
"CCL","WEEKDAY","CC10",0,"MacPherson",11579.2944444444
"CCL","WEEKDAY","CC10",1,"MacPherson",34232.3666666667
"CCL","WEEKDAY","CC11",0,"Tai Seng",24676.7111111111
"CCL","WEEKDAY","CC11",1,"Tai Seng",92960.2333333333
"CCL","WEEKDAY","CC12",0,"Bartley",10424.5777777778
"CCL","WEEKDAY","CC12",1,"Bartley",26733.9666666667
"CCL","WEEKDAY","CC14",0,"Lorong Chuan",10665.4888888889
"CCL","WEEKDAY","CC14",1,"Lorong Chuan",29837.5333333333
"CCL","WEEKDAY","CC16",0,"Marymount",10689.1444444444
"CCL","WEEKDAY","CC16",1,"Marymount",33232.0333333333
"CCL","WEEKDAY","CC17",0,"Caldecott",5065.08333333333
"CCL","WEEKDAY","CC17",1,"Caldecott",15417.1
"CCL","WEEKDAY","CC19",0,"Botanic Gardens",5069.51666666667
"CCL","WEEKDAY","CC19",1,"Botanic Gardens",10845.3833333333
"CCL","WEEKDAY","CC2",0,"Bras Basah",8709.48888888889
"CCL","WEEKDAY","CC2",1,"Bras Basah",17862.3666666667
"CCL","WEEKDAY","CC20",0,"Farrer Road",7992.82222222222
"CCL","WEEKDAY","CC20",1,"Farrer Road",20432.2666666667
"CCL","WEEKDAY","CC21",0,"Holland Village",16725.1666666667
"CCL","WEEKDAY","CC21",1,"Holland Village",30837.4666666667
"CCL","WEEKDAY","CC23",0,"one-north",22863.4222222222
"CCL","WEEKDAY","CC23",1,"one-north",69819.0666666667
"CCL","WEEKDAY","CC24",0,"Kent Ridge",34401.8555555556
"CCL","WEEKDAY","CC24",1,"Kent Ridge",87511.3666666667
"CCL","WEEKDAY","CC25",0,"Haw Par Villa",9531.64444444444
"CCL","WEEKDAY","CC25",1,"Haw Par Villa",29609
"CCL","WEEKDAY","CC26",0,"Pasir Panjang",6717.86666666667
"CCL","WEEKDAY","CC26",1,"Pasir Panjang",27179.3666666667
"CCL","WEEKDAY","CC27",0,"Labrador Park",8638.51111111111
"CCL","WEEKDAY","CC27",1,"Labrador Park",37637.4333333333
"CCL","WEEKDAY","CC28",0,"Telok Blangah",5829.54444444444
"CCL","WEEKDAY","CC28",1,"Telok Blangah",13895.4
"CCL","WEEKDAY","CC3",0,"Esplanade",12239.3666666667
"CCL","WEEKDAY","CC3",1,"Esplanade",22512.0333333333
"CCL","WEEKDAY","CC4",0,"Promenade",16554.4277777778
"CCL","WEEKDAY","CC4",1,"Promenade",35300.5166666667
"CCL","WEEKDAY","CC5",0,"Nicoll Highway",7163.8
"CCL","WEEKDAY","CC5",1,"Nicoll Highway",16665.3
"CCL","WEEKDAY","CC6",0,"Stadium",14790.2888888889
"CCL","WEEKDAY","CC6",1,"Stadium",27644.0333333333
"CCL","WEEKDAY","CC7",0,"Mountbatten",10327.2777777778
"CCL","WEEKDAY","CC7",1,"Mountbatten",25909.1
"CCL","WEEKDAY","CC8",0,"Dakota",13230.0111111111
"CCL","WEEKDAY","CC8",1,"Dakota",31716.1333333333
"CCL","WEEKDAY","CE1",0,"Bayfront",30339.9388888889
"CCL","WEEKDAY","CE1",1,"Bayfront",40475.2333333333
"CGL","WEEKDAY","CG1",0,"Expo",10372.1
"CGL","WEEKDAY","CG1",1,"Expo",30169.6333333333
"CGL","WEEKDAY","CG2",0,"Changi Airport",36857.5111111111
"CGL","WEEKDAY","CG2",1,"Changi Airport",52108.4666666667
"DTL","WEEKDAY","DT1",0,"Bukit Panjang",59082.9111111111
"DTL","WEEKDAY","DT1",1,"Bukit Panjang",166294.9
"DTL","WEEKDAY","DT10",0,"Stevens",8639.25555555556
"DTL","WEEKDAY","DT10",1,"Stevens",21881.8666666667
"DTL","WEEKDAY","DT13",0,"Rochor",18164.0222222222
"DTL","WEEKDAY","DT13",1,"Rochor",31231.8
"DTL","WEEKDAY","DT17",0,"Downtown",29774.4333333333
"DTL","WEEKDAY","DT17",1,"Downtown",85956.1
"DTL","WEEKDAY","DT18",0,"Telok Ayer",24108.3555555556
"DTL","WEEKDAY","DT18",1,"Telok Ayer",66019.7
"DTL","WEEKDAY","DT2",0,"Cashew",3768.05555555556
"DTL","WEEKDAY","DT2",1,"Cashew",13378.5666666667
"DTL","WEEKDAY","DT20",0,"Fort Canning",10122.6111111111
"DTL","WEEKDAY","DT20",1,"Fort Canning",22667.1
"DTL","WEEKDAY","DT21",0,"Bencoolen",12405.9888888889
"DTL","WEEKDAY","DT21",1,"Bencoolen",24656.1333333333
"DTL","WEEKDAY","DT22",0,"Jalan Besar",15213.7333333333
"DTL","WEEKDAY","DT22",1,"Jalan Besar",29970.4333333333
"DTL","WEEKDAY","DT23",0,"Bendemeer",6619.03333333333
"DTL","WEEKDAY","DT23",1,"Bendemeer",21548.2
"DTL","WEEKDAY","DT24",0,"Geylang Bahru",7961.93333333333
"DTL","WEEKDAY","DT24",1,"Geylang Bahru",22463.4666666667
"DTL","WEEKDAY","DT25",0,"Mattar",6423.03333333333
"DTL","WEEKDAY","DT25",1,"Mattar",18867.6
"DTL","WEEKDAY","DT27",0,"Ubi",12995.7111111111
"DTL","WEEKDAY","DT27",1,"Ubi",42258.8333333333
"DTL","WEEKDAY","DT28",0,"Kaki Bukit",14680.1777777778
"DTL","WEEKDAY","DT28",1,"Kaki Bukit",51947.5
"DTL","WEEKDAY","DT29",0,"Bedok North",10592.7444444444
"DTL","WEEKDAY","DT29",1,"Bedok North",31383.4333333333
"DTL","WEEKDAY","DT3",0,"Hillview",10769.8444444444
"DTL","WEEKDAY","DT3",1,"Hillview",29222.2
"DTL","WEEKDAY","DT30",0,"Bedok Reservoir",11582.5222222222
"DTL","WEEKDAY","DT30",1,"Bedok Reservoir",33660
"DTL","WEEKDAY","DT31",0,"Tampines West",12600.9222222222
"DTL","WEEKDAY","DT31",1,"Tampines West",37577.4
"DTL","WEEKDAY","DT33",0,"Tampines East",24654.4555555556
"DTL","WEEKDAY","DT33",1,"Tampines East",75051.6666666667
"DTL","WEEKDAY","DT34",0,"Upper Changi",7374.18888888889
"DTL","WEEKDAY","DT34",1,"Upper Changi",21009.4666666667
"DTL","WEEKDAY","DT5",0,"Beauty World",20961.3444444444
"DTL","WEEKDAY","DT5",1,"Beauty World",51204.2666666667
"DTL","WEEKDAY","DT6",0,"King Albert Park",11233.4444444444
"DTL","WEEKDAY","DT6",1,"King Albert Park",27740.6333333333
"DTL","WEEKDAY","DT7",0,"Sixth Avenue",6222.06666666667
"DTL","WEEKDAY","DT7",1,"Sixth Avenue",17938.9333333333
"DTL","WEEKDAY","DT8",0,"Tan Kah Kee",6884.31111111111
"DTL","WEEKDAY","DT8",1,"Tan Kah Kee",19243.7
"EWL","WEEKDAY","EW1",0,"Pasir Ris",41746.3333333333
"EWL","WEEKDAY","EW1",1,"Pasir Ris",110106.1
"EWL","WEEKDAY","EW10",0,"Kallang",17539.8444444444
"EWL","WEEKDAY","EW10",1,"Kallang",42262.2666666667
"EWL","WEEKDAY","EW11",0,"Lavender",28797.2333333333
"EWL","WEEKDAY","EW11",1,"Lavender",60582.7666666667
"EWL","WEEKDAY","EW12",0,"Bugis",47015.4333333333
"EWL","WEEKDAY","EW12",1,"Bugis",82716.0333333333
"EWL","WEEKDAY","EW14",0,"Raffles Place",42554.4833333333
"EWL","WEEKDAY","EW14",1,"Raffles Place",115646.516666667
"EWL","WEEKDAY","EW15",0,"Tanjong Pagar",56283.5777777778
"EWL","WEEKDAY","EW15",1,"Tanjong Pagar",160637.833333333
"EWL","WEEKDAY","EW16",0,"Outram Park",17197.3777777778
"EWL","WEEKDAY","EW16",1,"Outram Park",42898.0222222222
"EWL","WEEKDAY","EW17",0,"Tiong Bahru",39456.3111111111
"EWL","WEEKDAY","EW17",1,"Tiong Bahru",91320.9666666667
"EWL","WEEKDAY","EW18",0,"Redhill",26462.7666666667
"EWL","WEEKDAY","EW18",1,"Redhill",74353.9333333333
"EWL","WEEKDAY","EW19",0,"Queenstown",23425.5111111111
"EWL","WEEKDAY","EW19",1,"Queenstown",65888.2
"EWL","WEEKDAY","EW2",0,"Tampines",40034.6888888889
"EWL","WEEKDAY","EW2",1,"Tampines",100649.116666667
"EWL","WEEKDAY","EW20",0,"Commonwealth",19248.0111111111
"EWL","WEEKDAY","EW20",1,"Commonwealth",53427.3666666667
"EWL","WEEKDAY","EW21",0,"Buona Vista",18640.3166666667
"EWL","WEEKDAY","EW21",1,"Buona Vista",55081.3
"EWL","WEEKDAY","EW22",0,"Dover",18732.6777777778
"EWL","WEEKDAY","EW22",1,"Dover",42785.4666666667
"EWL","WEEKDAY","EW23",0,"Clementi",70465.2666666667
"EWL","WEEKDAY","EW23",1,"Clementi",182200.866666667
"EWL","WEEKDAY","EW24",0,"Jurong East",49127.2
"EWL","WEEKDAY","EW24",1,"Jurong East",135382.066666667
"EWL","WEEKDAY","EW25",0,"Chinese Garden",14716.6444444444
"EWL","WEEKDAY","EW25",1,"Chinese Garden",44608.9
"EWL","WEEKDAY","EW26",0,"Lakeside",45455.6888888889
"EWL","WEEKDAY","EW26",1,"Lakeside",134753.3
"EWL","WEEKDAY","EW27",0,"Boon Lay",68795.3222222222
"EWL","WEEKDAY","EW27",1,"Boon Lay",195388.033333333
"EWL","WEEKDAY","EW28",0,"Pioneer",38395.1
"EWL","WEEKDAY","EW28",1,"Pioneer",114397.266666667
"EWL","WEEKDAY","EW29",0,"Joo Koon",17298.8
"EWL","WEEKDAY","EW29",1,"Joo Koon",86248.9
"EWL","WEEKDAY","EW3",0,"Simei",26673.1111111111
"EWL","WEEKDAY","EW3",1,"Simei",63033.3
"EWL","WEEKDAY","EW30",0,"Gul Circle",3893.3
"EWL","WEEKDAY","EW30",1,"Gul Circle",23724.9333333333
"EWL","WEEKDAY","EW31",0,"Tuas Crescent",4558.28888888889
"EWL","WEEKDAY","EW31",1,"Tuas Crescent",26377.8333333333
"EWL","WEEKDAY","EW32",0,"Tuas West Road",5368.93333333333
"EWL","WEEKDAY","EW32",1,"Tuas West Road",27064.7666666667
"EWL","WEEKDAY","EW33",0,"Tuas Link",6055.03333333333
"EWL","WEEKDAY","EW33",1,"Tuas Link",21374.7
"EWL","WEEKDAY","EW4",0,"Tanah Merah",22118.5222222222
"EWL","WEEKDAY","EW4",1,"Tanah Merah",62889.0666666667
"EWL","WEEKDAY","EW5",0,"Bedok",49777.7333333333
"EWL","WEEKDAY","EW5",1,"Bedok",117292.566666667
"EWL","WEEKDAY","EW6",0,"Kembangan",16983.8444444444
"EWL","WEEKDAY","EW6",1,"Kembangan",42991.1333333333
"EWL","WEEKDAY","EW7",0,"Eunos",23789.3111111111
"EWL","WEEKDAY","EW7",1,"Eunos",58307.8333333333
"EWL","WEEKDAY","EW8",0,"Paya Lebar",34628.6277777778
"EWL","WEEKDAY","EW8",1,"Paya Lebar",78395.1666666667
"EWL","WEEKDAY","EW9",0,"Aljunied",32710.4111111111
"EWL","WEEKDAY","EW9",1,"Aljunied",80732.7666666667
"NEL","WEEKDAY","NE1",0,"HarbourFront",38483.3833333333
"NEL","WEEKDAY","NE1",1,"HarbourFront",76053.85
"NEL","WEEKDAY","NE10",0,"Potong Pasir",23792.0555555556
"NEL","WEEKDAY","NE10",1,"Potong Pasir",61169.4333333333
"NEL","WEEKDAY","NE11",0,"Woodleigh",20987.2222222222
"NEL","WEEKDAY","NE11",1,"Woodleigh",50574.2
"NEL","WEEKDAY","NE12",0,"Serangoon",44494.7
"NEL","WEEKDAY","NE12",1,"Serangoon",102054.45
"NEL","WEEKDAY","NE13",0,"Kovan",34188.2444444444
"NEL","WEEKDAY","NE13",1,"Kovan",75042.7666666667
"NEL","WEEKDAY","NE14",0,"Hougang",46937.4222222222
"NEL","WEEKDAY","NE14",1,"Hougang",115370.233333333
"NEL","WEEKDAY","NE15",0,"Buangkok",31158.0777777778
"NEL","WEEKDAY","NE15",1,"Buangkok",79649.9333333333
"NEL","WEEKDAY","NE16",0,"Sengkang",68323.6555555556
"NEL","WEEKDAY","NE16",1,"Sengkang",157387.566666667
"NEL","WEEKDAY","NE17",0,"Punggol",64972.2
"NEL","WEEKDAY","NE17",1,"Punggol",150114.666666667
"NEL","WEEKDAY","NE18",0,"Punggol Coast",8538.93333333333
"NEL","WEEKDAY","NE18",1,"Punggol Coast",18855.7333333333
"NEL","WEEKDAY","NE4",0,"Chinatown",45075.1333333333
"NEL","WEEKDAY","NE4",1,"Chinatown",70349.0166666667
"NEL","WEEKDAY","NE5",0,"Clarke Quay",22670.1444444444
"NEL","WEEKDAY","NE5",1,"Clarke Quay",47769.7
"NEL","WEEKDAY","NE7",0,"Little India",22100.1777777778
"NEL","WEEKDAY","NE7",1,"Little India",41884.7666666667
"NEL","WEEKDAY","NE8",0,"Farrer Park",45024.6111111111
"NEL","WEEKDAY","NE8",1,"Farrer Park",86998.3666666667
"NEL","WEEKDAY","NE9",0,"Boon Keng",34555.6
"NEL","WEEKDAY","NE9",1,"Boon Keng",84686.7666666667
"NSL","WEEKDAY","NS10",0,"Admiralty",58268.1
"NSL","WEEKDAY","NS10",1,"Admiralty",158526.6
"NSL","WEEKDAY","NS11",0,"Sembawang",58360.7666666667
"NSL","WEEKDAY","NS11",1,"Sembawang",155101.366666667
"NSL","WEEKDAY","NS12",0,"Canberra",23595.3888888889
"NSL","WEEKDAY","NS12",1,"Canberra",67130.8333333333
"NSL","WEEKDAY","NS13",0,"Yishun",81382.0666666667
"NSL","WEEKDAY","NS13",1,"Yishun",199545.566666667
"NSL","WEEKDAY","NS14",0,"Khatib",49344.4555555556
"NSL","WEEKDAY","NS14",1,"Khatib",125262.566666667
"NSL","WEEKDAY","NS15",0,"Yio Chu Kang",30625.1777777778
"NSL","WEEKDAY","NS15",1,"Yio Chu Kang",90843
"NSL","WEEKDAY","NS16",0,"Ang Mo Kio",69592.3444444444
"NSL","WEEKDAY","NS16",1,"Ang Mo Kio",165196.466666667
"NSL","WEEKDAY","NS17",0,"Bishan",25764.8611111111
"NSL","WEEKDAY","NS17",1,"Bishan",63998.55
"NSL","WEEKDAY","NS18",0,"Braddell",22531.8777777778
"NSL","WEEKDAY","NS18",1,"Braddell",51688.9
"NSL","WEEKDAY","NS19",0,"Toa Payoh",57365.3444444444
"NSL","WEEKDAY","NS19",1,"Toa Payoh",130104.633333333
"NSL","WEEKDAY","NS2",0,"Bukit Batok",40669.9777777778
"NSL","WEEKDAY","NS2",1,"Bukit Batok",112797.1
"NSL","WEEKDAY","NS20",0,"Novena",59157.8666666667
"NSL","WEEKDAY","NS20",1,"Novena",140535.933333333
"NSL","WEEKDAY","NS21",0,"Newton",44355.9388888889
"NSL","WEEKDAY","NS21",1,"Newton",99919.35
"NSL","WEEKDAY","NS23",0,"Somerset",55314.1333333333
"NSL","WEEKDAY","NS23",1,"Somerset",97148.5666666667
"NSL","WEEKDAY","NS24",0,"Dhoby Ghaut",17555.6222222222
"NSL","WEEKDAY","NS24",1,"Dhoby Ghaut",32796.8777777778
"NSL","WEEKDAY","NS25",0,"City Hall",36640.1111111111
"NSL","WEEKDAY","NS25",1,"City Hall",65997.4666666667
"NSL","WEEKDAY","NS27",0,"Marina Bay",2823.1962962963
"NSL","WEEKDAY","NS27",1,"Marina Bay",7977.51111111111
"NSL","WEEKDAY","NS28",0,"Marina South Pier",3466.01111111111
"NSL","WEEKDAY","NS28",1,"Marina South Pier",5327.2
"NSL","WEEKDAY","NS3",0,"Bukit Gombak",30124.6555555556
"NSL","WEEKDAY","NS3",1,"Bukit Gombak",73287.4333333333
"NSL","WEEKDAY","NS4",0,"Choa Chu Kang",57096.2333333333
"NSL","WEEKDAY","NS4",1,"Choa Chu Kang",144292.166666667
"NSL","WEEKDAY","NS5",0,"Yew Tee",42806.5666666667
"NSL","WEEKDAY","NS5",1,"Yew Tee",116833.1
"NSL","WEEKDAY","NS7",0,"Kranji",41437.3666666667
"NSL","WEEKDAY","NS7",1,"Kranji",84767.4
"NSL","WEEKDAY","NS8",0,"Marsiling",29424.2222222222
"NSL","WEEKDAY","NS8",1,"Marsiling",74997.8666666667
"NSL","WEEKDAY","NS9",0,"Woodlands",45528.6055555556
"NSL","WEEKDAY","NS9",1,"Woodlands",108206.05
"TEL","WEEKDAY","TE1",0,"Woodlands North",9675.28888888889
"TEL","WEEKDAY","TE1",1,"Woodlands North",27335.2
"TEL","WEEKDAY","TE11",0,"Stevens",5720.64444444444
"TEL","WEEKDAY","TE11",1,"Stevens",14628.7333333333
"TEL","WEEKDAY","TE12",0,"Napier",7376.1
"TEL","WEEKDAY","TE12",1,"Napier",15695.6333333333
"TEL","WEEKDAY","TE13",0,"Orchard Boulevard",6526.04444444444
"TEL","WEEKDAY","TE13",1,"Orchard Boulevard",12336.0666666667
"TEL","WEEKDAY","TE14",0,"Orchard",55501.5944444444
"TEL","WEEKDAY","TE14",1,"Orchard",91457.7
"TEL","WEEKDAY","TE15",0,"Great World",12831.5555555556
"TEL","WEEKDAY","TE15",1,"Great World",26071.9
"TEL","WEEKDAY","TE16",0,"Havelock",10473.4333333333
"TEL","WEEKDAY","TE16",1,"Havelock",22973.9666666667
"TEL","WEEKDAY","TE18",0,"Maxwell",15652.5333333333
"TEL","WEEKDAY","TE18",1,"Maxwell",25317.7
"TEL","WEEKDAY","TE19",0,"Shenton Way",13764.8555555556
"TEL","WEEKDAY","TE19",1,"Shenton Way",44983.8333333333
"TEL","WEEKDAY","TE22",0,"Gardens by The Bay",5485.1
"TEL","WEEKDAY","TE22",1,"Gardens by The Bay",8435.7
"TEL","WEEKDAY","TE23",0,"Tanjong Rhu",3563.73333333333
"TEL","WEEKDAY","TE23",1,"Tanjong Rhu",7578.2
"TEL","WEEKDAY","TE24",0,"Katong Park",4049.68888888889
"TEL","WEEKDAY","TE24",1,"Katong Park",9328.66666666667
"TEL","WEEKDAY","TE25",0,"Tanjong Katong",3893.73333333333
"TEL","WEEKDAY","TE25",1,"Tanjong Katong",8870.46666666667
"TEL","WEEKDAY","TE26",0,"Marine Parade",15844.8888888889
"TEL","WEEKDAY","TE26",1,"Marine Parade",27759.3333333333
"TEL","WEEKDAY","TE27",0,"Marine Terrace",8651.62222222222
"TEL","WEEKDAY","TE27",1,"Marine Terrace",18469.2
"TEL","WEEKDAY","TE28",0,"Siglap",5408.91111111111
"TEL","WEEKDAY","TE28",1,"Siglap",12837.2
"TEL","WEEKDAY","TE29",0,"Bayshore",4354.04444444444
"TEL","WEEKDAY","TE29",1,"Bayshore",11197.9333333333
"TEL","WEEKDAY","TE3",0,"Woodlands South",14845.9444444444
"TEL","WEEKDAY","TE3",1,"Woodlands South",42765.4666666667
"TEL","WEEKDAY","TE4",0,"Springleaf",6358.1
"TEL","WEEKDAY","TE4",1,"Springleaf",19835.1
"TEL","WEEKDAY","TE5",0,"Lentor",6439.62222222222
"TEL","WEEKDAY","TE5",1,"Lentor",19310.0666666667
"TEL","WEEKDAY","TE6",0,"Mayflower",15556.6555555556
"TEL","WEEKDAY","TE6",1,"Mayflower",39313.7
"TEL","WEEKDAY","TE7",0,"Bright Hill",8815.21111111111
"TEL","WEEKDAY","TE7",1,"Bright Hill",24265.3666666667
"TEL","WEEKDAY","TE8",0,"Upper Thomson",13722.8555555556
"TEL","WEEKDAY","TE8",1,"Upper Thomson",31192.4333333333
"CCL","WEEKENDS/HOLIDAY","CC10",0,"MacPherson",5314.63333333333
"CCL","WEEKENDS/HOLIDAY","CC10",1,"MacPherson",6581.61666666667
"CCL","WEEKENDS/HOLIDAY","CC11",0,"Tai Seng",8492.94444444445
"CCL","WEEKENDS/HOLIDAY","CC11",1,"Tai Seng",12825.9333333333
"CCL","WEEKENDS/HOLIDAY","CC12",0,"Bartley",3917.12222222222
"CCL","WEEKENDS/HOLIDAY","CC12",1,"Bartley",4999.7
"CCL","WEEKENDS/HOLIDAY","CC14",0,"Lorong Chuan",4277.82222222222
"CCL","WEEKENDS/HOLIDAY","CC14",1,"Lorong Chuan",5193.83333333333
"CCL","WEEKENDS/HOLIDAY","CC16",0,"Marymount",4458.75555555556
"CCL","WEEKENDS/HOLIDAY","CC16",1,"Marymount",5735.83333333333
"CCL","WEEKENDS/HOLIDAY","CC17",0,"Caldecott",1669.5
"CCL","WEEKENDS/HOLIDAY","CC17",1,"Caldecott",2516.81666666667
"CCL","WEEKENDS/HOLIDAY","CC19",0,"Botanic Gardens",3030.38888888889
"CCL","WEEKENDS/HOLIDAY","CC19",1,"Botanic Gardens",3538.83333333333
"CCL","WEEKENDS/HOLIDAY","CC2",0,"Bras Basah",3296.47777777778
"CCL","WEEKENDS/HOLIDAY","CC2",1,"Bras Basah",3988.93333333333
"CCL","WEEKENDS/HOLIDAY","CC20",0,"Farrer Road",3535.04444444444
"CCL","WEEKENDS/HOLIDAY","CC20",1,"Farrer Road",4757.56666666667
"CCL","WEEKENDS/HOLIDAY","CC21",0,"Holland Village",7473.93333333333
"CCL","WEEKENDS/HOLIDAY","CC21",1,"Holland Village",8517.73333333333
"CCL","WEEKENDS/HOLIDAY","CC23",0,"one-north",2675.36666666667
"CCL","WEEKENDS/HOLIDAY","CC23",1,"one-north",3696.2
"CCL","WEEKENDS/HOLIDAY","CC24",0,"Kent Ridge",5111.13333333333
"CCL","WEEKENDS/HOLIDAY","CC24",1,"Kent Ridge",7179.23333333333
"CCL","WEEKENDS/HOLIDAY","CC25",0,"Haw Par Villa",3985.32222222222
"CCL","WEEKENDS/HOLIDAY","CC25",1,"Haw Par Villa",5671
"CCL","WEEKENDS/HOLIDAY","CC26",0,"Pasir Panjang",1956.58888888889
"CCL","WEEKENDS/HOLIDAY","CC26",1,"Pasir Panjang",4330
"CCL","WEEKENDS/HOLIDAY","CC27",0,"Labrador Park",1333.33333333333
"CCL","WEEKENDS/HOLIDAY","CC27",1,"Labrador Park",2291.16666666667
"CCL","WEEKENDS/HOLIDAY","CC28",0,"Telok Blangah",2724.66666666667
"CCL","WEEKENDS/HOLIDAY","CC28",1,"Telok Blangah",3376.76666666667
"CCL","WEEKENDS/HOLIDAY","CC3",0,"Esplanade",7860.91111111111
"CCL","WEEKENDS/HOLIDAY","CC3",1,"Esplanade",9308.8
"CCL","WEEKENDS/HOLIDAY","CC4",0,"Promenade",7525.25555555556
"CCL","WEEKENDS/HOLIDAY","CC4",1,"Promenade",9159.43333333333
"CCL","WEEKENDS/HOLIDAY","CC5",0,"Nicoll Highway",3649.67777777778
"CCL","WEEKENDS/HOLIDAY","CC5",1,"Nicoll Highway",4356.83333333333
"CCL","WEEKENDS/HOLIDAY","CC6",0,"Stadium",12113.0222222222
"CCL","WEEKENDS/HOLIDAY","CC6",1,"Stadium",15626.1
"CCL","WEEKENDS/HOLIDAY","CC7",0,"Mountbatten",4776.76666666667
"CCL","WEEKENDS/HOLIDAY","CC7",1,"Mountbatten",6473.56666666667
"CCL","WEEKENDS/HOLIDAY","CC8",0,"Dakota",5923.26666666667
"CCL","WEEKENDS/HOLIDAY","CC8",1,"Dakota",7736.46666666667
"CCL","WEEKENDS/HOLIDAY","CE1",0,"Bayfront",22490.3555555556
"CCL","WEEKENDS/HOLIDAY","CE1",1,"Bayfront",27383.5833333333
"CGL","WEEKENDS/HOLIDAY","CG1",0,"Expo",5079.64444444444
"CGL","WEEKENDS/HOLIDAY","CG1",1,"Expo",6921.51666666667
"CGL","WEEKENDS/HOLIDAY","CG2",0,"Changi Airport",21950.3333333333
"CGL","WEEKENDS/HOLIDAY","CG2",1,"Changi Airport",24903.0666666667
"DTL","WEEKENDS/HOLIDAY","DT1",0,"Bukit Panjang",28919.2777777778
"DTL","WEEKENDS/HOLIDAY","DT1",1,"Bukit Panjang",36613.4333333333
"DTL","WEEKENDS/HOLIDAY","DT10",0,"Stevens",3560.67777777778
"DTL","WEEKENDS/HOLIDAY","DT10",1,"Stevens",4509.5
"DTL","WEEKENDS/HOLIDAY","DT13",0,"Rochor",9384.07777777778
"DTL","WEEKENDS/HOLIDAY","DT13",1,"Rochor",10408.8
"DTL","WEEKENDS/HOLIDAY","DT17",0,"Downtown",4039.46666666667
"DTL","WEEKENDS/HOLIDAY","DT17",1,"Downtown",5250.4
"DTL","WEEKENDS/HOLIDAY","DT18",0,"Telok Ayer",4617.23333333333
"DTL","WEEKENDS/HOLIDAY","DT18",1,"Telok Ayer",4966.7
"DTL","WEEKENDS/HOLIDAY","DT2",0,"Cashew",1234.6
"DTL","WEEKENDS/HOLIDAY","DT2",1,"Cashew",1836.26666666667
"DTL","WEEKENDS/HOLIDAY","DT20",0,"Fort Canning",4547.24444444444
"DTL","WEEKENDS/HOLIDAY","DT20",1,"Fort Canning",5488.4
"DTL","WEEKENDS/HOLIDAY","DT21",0,"Bencoolen",5520.97777777778
"DTL","WEEKENDS/HOLIDAY","DT21",1,"Bencoolen",5996.7
"DTL","WEEKENDS/HOLIDAY","DT22",0,"Jalan Besar",9917
"DTL","WEEKENDS/HOLIDAY","DT22",1,"Jalan Besar",13606.5666666667
"DTL","WEEKENDS/HOLIDAY","DT23",0,"Bendemeer",2359.42222222222
"DTL","WEEKENDS/HOLIDAY","DT23",1,"Bendemeer",3114.2
"DTL","WEEKENDS/HOLIDAY","DT24",0,"Geylang Bahru",3338.7
"DTL","WEEKENDS/HOLIDAY","DT24",1,"Geylang Bahru",4338.93333333333
"DTL","WEEKENDS/HOLIDAY","DT25",0,"Mattar",2686.21111111111
"DTL","WEEKENDS/HOLIDAY","DT25",1,"Mattar",3647.8
"DTL","WEEKENDS/HOLIDAY","DT27",0,"Ubi",5540.34444444444
"DTL","WEEKENDS/HOLIDAY","DT27",1,"Ubi",7877.36666666667
"DTL","WEEKENDS/HOLIDAY","DT28",0,"Kaki Bukit",6904.93333333333
"DTL","WEEKENDS/HOLIDAY","DT28",1,"Kaki Bukit",10601.6333333333
"DTL","WEEKENDS/HOLIDAY","DT29",0,"Bedok North",4735.16666666667
"DTL","WEEKENDS/HOLIDAY","DT29",1,"Bedok North",6079.13333333333
"DTL","WEEKENDS/HOLIDAY","DT3",0,"Hillview",5236.68888888889
"DTL","WEEKENDS/HOLIDAY","DT3",1,"Hillview",6719.86666666667
"DTL","WEEKENDS/HOLIDAY","DT30",0,"Bedok Reservoir",5247.42222222222
"DTL","WEEKENDS/HOLIDAY","DT30",1,"Bedok Reservoir",6703.93333333333
"DTL","WEEKENDS/HOLIDAY","DT31",0,"Tampines West",5573.98888888889
"DTL","WEEKENDS/HOLIDAY","DT31",1,"Tampines West",7317.1
"DTL","WEEKENDS/HOLIDAY","DT33",0,"Tampines East",10624.4888888889
"DTL","WEEKENDS/HOLIDAY","DT33",1,"Tampines East",13650.8
"DTL","WEEKENDS/HOLIDAY","DT34",0,"Upper Changi",2793.97777777778
"DTL","WEEKENDS/HOLIDAY","DT34",1,"Upper Changi",3780.06666666667
"DTL","WEEKENDS/HOLIDAY","DT5",0,"Beauty World",11085.3777777778
"DTL","WEEKENDS/HOLIDAY","DT5",1,"Beauty World",13768.3
"DTL","WEEKENDS/HOLIDAY","DT6",0,"King Albert Park",3918.07777777778
"DTL","WEEKENDS/HOLIDAY","DT6",1,"King Albert Park",5225.56666666667
"DTL","WEEKENDS/HOLIDAY","DT7",0,"Sixth Avenue",2502.25555555556
"DTL","WEEKENDS/HOLIDAY","DT7",1,"Sixth Avenue",3656.33333333333
"DTL","WEEKENDS/HOLIDAY","DT8",0,"Tan Kah Kee",2242.73333333333
"DTL","WEEKENDS/HOLIDAY","DT8",1,"Tan Kah Kee",3132.8
"EWL","WEEKENDS/HOLIDAY","EW1",0,"Pasir Ris",19662.1
"EWL","WEEKENDS/HOLIDAY","EW1",1,"Pasir Ris",25359.5333333333
"EWL","WEEKENDS/HOLIDAY","EW10",0,"Kallang",10693.4666666667
"EWL","WEEKENDS/HOLIDAY","EW10",1,"Kallang",14251.4
"EWL","WEEKENDS/HOLIDAY","EW11",0,"Lavender",13997.9333333333
"EWL","WEEKENDS/HOLIDAY","EW11",1,"Lavender",16662.8
"EWL","WEEKENDS/HOLIDAY","EW12",0,"Bugis",26260.7277777778
"EWL","WEEKENDS/HOLIDAY","EW12",1,"Bugis",28893.0166666667
"EWL","WEEKENDS/HOLIDAY","EW14",0,"Raffles Place",8318.81111111111
"EWL","WEEKENDS/HOLIDAY","EW14",1,"Raffles Place",9378.55
"EWL","WEEKENDS/HOLIDAY","EW15",0,"Tanjong Pagar",13861.9666666667
"EWL","WEEKENDS/HOLIDAY","EW15",1,"Tanjong Pagar",15939.1
"EWL","WEEKENDS/HOLIDAY","EW16",0,"Outram Park",5318
"EWL","WEEKENDS/HOLIDAY","EW16",1,"Outram Park",6629.27777777778
"EWL","WEEKENDS/HOLIDAY","EW17",0,"Tiong Bahru",17835.0888888889
"EWL","WEEKENDS/HOLIDAY","EW17",1,"Tiong Bahru",20878.8333333333
"EWL","WEEKENDS/HOLIDAY","EW18",0,"Redhill",11430.8555555556
"EWL","WEEKENDS/HOLIDAY","EW18",1,"Redhill",14077.3333333333
"EWL","WEEKENDS/HOLIDAY","EW19",0,"Queenstown",10819.5
"EWL","WEEKENDS/HOLIDAY","EW19",1,"Queenstown",13513.0333333333
"EWL","WEEKENDS/HOLIDAY","EW2",0,"Tampines",19403.85
"EWL","WEEKENDS/HOLIDAY","EW2",1,"Tampines",24792.6
"EWL","WEEKENDS/HOLIDAY","EW20",0,"Commonwealth",8278.66666666667
"EWL","WEEKENDS/HOLIDAY","EW20",1,"Commonwealth",10411.3333333333
"EWL","WEEKENDS/HOLIDAY","EW21",0,"Buona Vista",6652.34444444444
"EWL","WEEKENDS/HOLIDAY","EW21",1,"Buona Vista",8107.78333333333
"EWL","WEEKENDS/HOLIDAY","EW22",0,"Dover",3850.33333333333
"EWL","WEEKENDS/HOLIDAY","EW22",1,"Dover",4978.56666666667
"EWL","WEEKENDS/HOLIDAY","EW23",0,"Clementi",32523.6333333333
"EWL","WEEKENDS/HOLIDAY","EW23",1,"Clementi",42869.9
"EWL","WEEKENDS/HOLIDAY","EW24",0,"Jurong East",26330.2444444444
"EWL","WEEKENDS/HOLIDAY","EW24",1,"Jurong East",35347.35
"EWL","WEEKENDS/HOLIDAY","EW25",0,"Chinese Garden",8328.62222222222
"EWL","WEEKENDS/HOLIDAY","EW25",1,"Chinese Garden",12117.4666666667
"EWL","WEEKENDS/HOLIDAY","EW26",0,"Lakeside",21755.7444444444
"EWL","WEEKENDS/HOLIDAY","EW26",1,"Lakeside",30094.5
"EWL","WEEKENDS/HOLIDAY","EW27",0,"Boon Lay",34475.4777777778
"EWL","WEEKENDS/HOLIDAY","EW27",1,"Boon Lay",48490.9
"EWL","WEEKENDS/HOLIDAY","EW28",0,"Pioneer",17726.3777777778
"EWL","WEEKENDS/HOLIDAY","EW28",1,"Pioneer",25657.5333333333
"EWL","WEEKENDS/HOLIDAY","EW29",0,"Joo Koon",7872.82222222222
"EWL","WEEKENDS/HOLIDAY","EW29",1,"Joo Koon",17451.7
"EWL","WEEKENDS/HOLIDAY","EW3",0,"Simei",11704.5777777778
"EWL","WEEKENDS/HOLIDAY","EW3",1,"Simei",14911.5666666667
"EWL","WEEKENDS/HOLIDAY","EW30",0,"Gul Circle",1710.4
"EWL","WEEKENDS/HOLIDAY","EW30",1,"Gul Circle",4304.66666666667
"EWL","WEEKENDS/HOLIDAY","EW31",0,"Tuas Crescent",2158.23333333333
"EWL","WEEKENDS/HOLIDAY","EW31",1,"Tuas Crescent",5386.7
"EWL","WEEKENDS/HOLIDAY","EW32",0,"Tuas West Road",3410.74444444444
"EWL","WEEKENDS/HOLIDAY","EW32",1,"Tuas West Road",7126.9
"EWL","WEEKENDS/HOLIDAY","EW33",0,"Tuas Link",3254.16666666667
"EWL","WEEKENDS/HOLIDAY","EW33",1,"Tuas Link",5862.33333333333
"EWL","WEEKENDS/HOLIDAY","EW4",0,"Tanah Merah",10816.6
"EWL","WEEKENDS/HOLIDAY","EW4",1,"Tanah Merah",14816.4333333333
"EWL","WEEKENDS/HOLIDAY","EW5",0,"Bedok",24651.7333333333
"EWL","WEEKENDS/HOLIDAY","EW5",1,"Bedok",31139.7
"EWL","WEEKENDS/HOLIDAY","EW6",0,"Kembangan",8084.75555555556
"EWL","WEEKENDS/HOLIDAY","EW6",1,"Kembangan",10855.8666666667
"EWL","WEEKENDS/HOLIDAY","EW7",0,"Eunos",11686
"EWL","WEEKENDS/HOLIDAY","EW7",1,"Eunos",15033.1666666667
"EWL","WEEKENDS/HOLIDAY","EW8",0,"Paya Lebar",21176.1277777778
"EWL","WEEKENDS/HOLIDAY","EW8",1,"Paya Lebar",25937.1833333333
"EWL","WEEKENDS/HOLIDAY","EW9",0,"Aljunied",18578.8666666667
"EWL","WEEKENDS/HOLIDAY","EW9",1,"Aljunied",25910.2333333333
"NEL","WEEKENDS/HOLIDAY","NE1",0,"HarbourFront",22205.7888888889
"NEL","WEEKENDS/HOLIDAY","NE1",1,"HarbourFront",27072.9666666667
"NEL","WEEKENDS/HOLIDAY","NE10",0,"Potong Pasir",10632.1333333333
"NEL","WEEKENDS/HOLIDAY","NE10",1,"Potong Pasir",13020.5
"NEL","WEEKENDS/HOLIDAY","NE11",0,"Woodleigh",9833.35555555556
"NEL","WEEKENDS/HOLIDAY","NE11",1,"Woodleigh",11951.1
"NEL","WEEKENDS/HOLIDAY","NE12",0,"Serangoon",22086.4333333333
"NEL","WEEKENDS/HOLIDAY","NE12",1,"Serangoon",27088.15
"NEL","WEEKENDS/HOLIDAY","NE13",0,"Kovan",17260.5333333333
"NEL","WEEKENDS/HOLIDAY","NE13",1,"Kovan",20538.9
"NEL","WEEKENDS/HOLIDAY","NE14",0,"Hougang",21785.1777777778
"NEL","WEEKENDS/HOLIDAY","NE14",1,"Hougang",26567.7333333333
"NEL","WEEKENDS/HOLIDAY","NE15",0,"Buangkok",15129.6333333333
"NEL","WEEKENDS/HOLIDAY","NE15",1,"Buangkok",18289.9
"NEL","WEEKENDS/HOLIDAY","NE16",0,"Sengkang",31954.9222222222
"NEL","WEEKENDS/HOLIDAY","NE16",1,"Sengkang",38899.9333333333
"NEL","WEEKENDS/HOLIDAY","NE17",0,"Punggol",32905.2
"NEL","WEEKENDS/HOLIDAY","NE17",1,"Punggol",40431.0333333333
"NEL","WEEKENDS/HOLIDAY","NE18",0,"Punggol Coast",3995.86666666667
"NEL","WEEKENDS/HOLIDAY","NE18",1,"Punggol Coast",5384.86666666667
"NEL","WEEKENDS/HOLIDAY","NE4",0,"Chinatown",23124.6833333333
"NEL","WEEKENDS/HOLIDAY","NE4",1,"Chinatown",26461.15
"NEL","WEEKENDS/HOLIDAY","NE5",0,"Clarke Quay",9709.7
"NEL","WEEKENDS/HOLIDAY","NE5",1,"Clarke Quay",11102.9333333333
"NEL","WEEKENDS/HOLIDAY","NE7",0,"Little India",15087.0944444444
"NEL","WEEKENDS/HOLIDAY","NE7",1,"Little India",18785.4666666667
"NEL","WEEKENDS/HOLIDAY","NE8",0,"Farrer Park",30008.0111111111
"NEL","WEEKENDS/HOLIDAY","NE8",1,"Farrer Park",41570.8333333333
"NEL","WEEKENDS/HOLIDAY","NE9",0,"Boon Keng",15392.4888888889
"NEL","WEEKENDS/HOLIDAY","NE9",1,"Boon Keng",19354.6333333333
"NSL","WEEKENDS/HOLIDAY","NS10",0,"Admiralty",26287.6222222222
"NSL","WEEKENDS/HOLIDAY","NS10",1,"Admiralty",33676.1
"NSL","WEEKENDS/HOLIDAY","NS11",0,"Sembawang",28865.1
"NSL","WEEKENDS/HOLIDAY","NS11",1,"Sembawang",36894.3333333333
"NSL","WEEKENDS/HOLIDAY","NS12",0,"Canberra",11683.1111111111
"NSL","WEEKENDS/HOLIDAY","NS12",1,"Canberra",15457.3
"NSL","WEEKENDS/HOLIDAY","NS13",0,"Yishun",38502.4444444444
"NSL","WEEKENDS/HOLIDAY","NS13",1,"Yishun",47276.7
"NSL","WEEKENDS/HOLIDAY","NS14",0,"Khatib",22943.4222222222
"NSL","WEEKENDS/HOLIDAY","NS14",1,"Khatib",28397.7333333333
"NSL","WEEKENDS/HOLIDAY","NS15",0,"Yio Chu Kang",9109.16666666667
"NSL","WEEKENDS/HOLIDAY","NS15",1,"Yio Chu Kang",12557.4666666667
"NSL","WEEKENDS/HOLIDAY","NS16",0,"Ang Mo Kio",32406.2333333333
"NSL","WEEKENDS/HOLIDAY","NS16",1,"Ang Mo Kio",40111.0666666667
"NSL","WEEKENDS/HOLIDAY","NS17",0,"Bishan",11331.2666666667
"NSL","WEEKENDS/HOLIDAY","NS17",1,"Bishan",13682.7833333333
"NSL","WEEKENDS/HOLIDAY","NS18",0,"Braddell",9904.51111111111
"NSL","WEEKENDS/HOLIDAY","NS18",1,"Braddell",11987.9
"NSL","WEEKENDS/HOLIDAY","NS19",0,"Toa Payoh",26709.0888888889
"NSL","WEEKENDS/HOLIDAY","NS19",1,"Toa Payoh",31279.8333333333
"NSL","WEEKENDS/HOLIDAY","NS2",0,"Bukit Batok",19110.3333333333
"NSL","WEEKENDS/HOLIDAY","NS2",1,"Bukit Batok",24737.7
"NSL","WEEKENDS/HOLIDAY","NS20",0,"Novena",22160
"NSL","WEEKENDS/HOLIDAY","NS20",1,"Novena",25553.7666666667
"NSL","WEEKENDS/HOLIDAY","NS21",0,"Newton",22254.5944444444
"NSL","WEEKENDS/HOLIDAY","NS21",1,"Newton",27103.35
"NSL","WEEKENDS/HOLIDAY","NS23",0,"Somerset",28899.1444444444
"NSL","WEEKENDS/HOLIDAY","NS23",1,"Somerset",34769.4666666667
"NSL","WEEKENDS/HOLIDAY","NS24",0,"Dhoby Ghaut",9345.05185185185
"NSL","WEEKENDS/HOLIDAY","NS24",1,"Dhoby Ghaut",10966.9222222222
"NSL","WEEKENDS/HOLIDAY","NS25",0,"City Hall",24100.3222222222
"NSL","WEEKENDS/HOLIDAY","NS25",1,"City Hall",28666.5
"NSL","WEEKENDS/HOLIDAY","NS27",0,"Marina Bay",1235.37777777778
"NSL","WEEKENDS/HOLIDAY","NS27",1,"Marina Bay",1512.1
"NSL","WEEKENDS/HOLIDAY","NS28",0,"Marina South Pier",3194.1
"NSL","WEEKENDS/HOLIDAY","NS28",1,"Marina South Pier",3572
"NSL","WEEKENDS/HOLIDAY","NS3",0,"Bukit Gombak",14176.7222222222
"NSL","WEEKENDS/HOLIDAY","NS3",1,"Bukit Gombak",17624.4333333333
"NSL","WEEKENDS/HOLIDAY","NS4",0,"Choa Chu Kang",26687.5222222222
"NSL","WEEKENDS/HOLIDAY","NS4",1,"Choa Chu Kang",34191.0333333333
"NSL","WEEKENDS/HOLIDAY","NS5",0,"Yew Tee",19957.4222222222
"NSL","WEEKENDS/HOLIDAY","NS5",1,"Yew Tee",25043.5
"NSL","WEEKENDS/HOLIDAY","NS7",0,"Kranji",22617.5555555556
"NSL","WEEKENDS/HOLIDAY","NS7",1,"Kranji",31245.7
"NSL","WEEKENDS/HOLIDAY","NS8",0,"Marsiling",12950.6888888889
"NSL","WEEKENDS/HOLIDAY","NS8",1,"Marsiling",17030.0666666667
"NSL","WEEKENDS/HOLIDAY","NS9",0,"Woodlands",21776.1277777778
"NSL","WEEKENDS/HOLIDAY","NS9",1,"Woodlands",27217.3666666667
"TEL","WEEKENDS/HOLIDAY","TE1",0,"Woodlands North",2609.37777777778
"TEL","WEEKENDS/HOLIDAY","TE1",1,"Woodlands North",4427.6
"TEL","WEEKENDS/HOLIDAY","TE11",0,"Stevens",2420.26666666667
"TEL","WEEKENDS/HOLIDAY","TE11",1,"Stevens",3116.13333333333
"TEL","WEEKENDS/HOLIDAY","TE12",0,"Napier",2630.36666666667
"TEL","WEEKENDS/HOLIDAY","TE12",1,"Napier",2870.13333333333
"TEL","WEEKENDS/HOLIDAY","TE13",0,"Orchard Boulevard",3012.05681818182
"TEL","WEEKENDS/HOLIDAY","TE13",1,"Orchard Boulevard",3498.6
"TEL","WEEKENDS/HOLIDAY","TE14",0,"Orchard",34187.1944444444
"TEL","WEEKENDS/HOLIDAY","TE14",1,"Orchard",39615.6666666667
"TEL","WEEKENDS/HOLIDAY","TE15",0,"Great World",6419.92134831461
"TEL","WEEKENDS/HOLIDAY","TE15",1,"Great World",7083.3
"TEL","WEEKENDS/HOLIDAY","TE16",0,"Havelock",5525.10227272727
"TEL","WEEKENDS/HOLIDAY","TE16",1,"Havelock",5841.76666666667
"TEL","WEEKENDS/HOLIDAY","TE18",0,"Maxwell",7937.78409090909
"TEL","WEEKENDS/HOLIDAY","TE18",1,"Maxwell",7946.16666666667
"TEL","WEEKENDS/HOLIDAY","TE19",0,"Shenton Way",2253.70786516854
"TEL","WEEKENDS/HOLIDAY","TE19",1,"Shenton Way",2561.8
"TEL","WEEKENDS/HOLIDAY","TE22",0,"Gardens by The Bay",4945.12359550562
"TEL","WEEKENDS/HOLIDAY","TE22",1,"Gardens by The Bay",7318
"TEL","WEEKENDS/HOLIDAY","TE23",0,"Tanjong Rhu",2103.88888888889
"TEL","WEEKENDS/HOLIDAY","TE23",1,"Tanjong Rhu",2397.6
"TEL","WEEKENDS/HOLIDAY","TE24",0,"Katong Park",1979.17777777778
"TEL","WEEKENDS/HOLIDAY","TE24",1,"Katong Park",2608.86666666667
"TEL","WEEKENDS/HOLIDAY","TE25",0,"Tanjong Katong",1952.51111111111
"TEL","WEEKENDS/HOLIDAY","TE25",1,"Tanjong Katong",2495.8
"TEL","WEEKENDS/HOLIDAY","TE26",0,"Marine Parade",9341.28888888889
"TEL","WEEKENDS/HOLIDAY","TE26",1,"Marine Parade",10366.2666666667
"TEL","WEEKENDS/HOLIDAY","TE27",0,"Marine Terrace",3948.88888888889
"TEL","WEEKENDS/HOLIDAY","TE27",1,"Marine Terrace",4727.53333333333
"TEL","WEEKENDS/HOLIDAY","TE28",0,"Siglap",2529.64444444444
"TEL","WEEKENDS/HOLIDAY","TE28",1,"Siglap",3186.13333333333
"TEL","WEEKENDS/HOLIDAY","TE29",0,"Bayshore",2259.91111111111
"TEL","WEEKENDS/HOLIDAY","TE29",1,"Bayshore",2890.46666666667
"TEL","WEEKENDS/HOLIDAY","TE3",0,"Woodlands South",5825.44444444444
"TEL","WEEKENDS/HOLIDAY","TE3",1,"Woodlands South",7324.26666666667
"TEL","WEEKENDS/HOLIDAY","TE4",0,"Springleaf",3222.85555555556
"TEL","WEEKENDS/HOLIDAY","TE4",1,"Springleaf",4574.4
"TEL","WEEKENDS/HOLIDAY","TE5",0,"Lentor",3081.52222222222
"TEL","WEEKENDS/HOLIDAY","TE5",1,"Lentor",4159.96666666667
"TEL","WEEKENDS/HOLIDAY","TE6",0,"Mayflower",7235.78651685393
"TEL","WEEKENDS/HOLIDAY","TE6",1,"Mayflower",8555.16666666667
"TEL","WEEKENDS/HOLIDAY","TE7",0,"Bright Hill",3857.96666666667
"TEL","WEEKENDS/HOLIDAY","TE7",1,"Bright Hill",4447.4
"TEL","WEEKENDS/HOLIDAY","TE8",0,"Upper Thomson",7364.51685393258
"TEL","WEEKENDS/HOLIDAY","TE8",1,"Upper Thomson",8625.23333333333
"CCL","WEEKDAY","CC1",0,"Dhoby Ghaut",17555.6222222222
"CCL","WEEKENDS/HOLIDAY","CC1",0,"Dhoby Ghaut",9345.05185185185
"CCL","WEEKDAY","CC1",1,"Dhoby Ghaut",32796.8777777778
"CCL","WEEKENDS/HOLIDAY","CC1",1,"Dhoby Ghaut",10966.9222222222
"CCL","WEEKDAY","CC13",0,"Serangoon",44494.7
"CCL","WEEKENDS/HOLIDAY","CC13",0,"Serangoon",22086.4333333333
"CCL","WEEKDAY","CC13",1,"Serangoon",102054.45
"CCL","WEEKENDS/HOLIDAY","CC13",1,"Serangoon",27088.15
"CCL","WEEKDAY","CC15",0,"Bishan",25764.8611111111
"CCL","WEEKENDS/HOLIDAY","CC15",0,"Bishan",11331.2666666667
"CCL","WEEKDAY","CC15",1,"Bishan",63998.55
"CCL","WEEKENDS/HOLIDAY","CC15",1,"Bishan",13682.7833333333
"CCL","WEEKDAY","CC22",0,"Buona Vista",18640.3166666667
"CCL","WEEKENDS/HOLIDAY","CC22",0,"Buona Vista",6652.34444444444
"CCL","WEEKDAY","CC22",1,"Buona Vista",55081.3
"CCL","WEEKENDS/HOLIDAY","CC22",1,"Buona Vista",8107.78333333333
"CCL","WEEKDAY","CC29",0,"HarbourFront",38483.3833333333
"CCL","WEEKENDS/HOLIDAY","CC29",0,"HarbourFront",22205.7888888889
"CCL","WEEKDAY","CC29",1,"HarbourFront",76053.85
"CCL","WEEKENDS/HOLIDAY","CC29",1,"HarbourFront",27072.9666666667
"CCL","WEEKDAY","CC9",0,"Paya Lebar",34628.6277777778
"CCL","WEEKENDS/HOLIDAY","CC9",0,"Paya Lebar",21176.1277777778
"CCL","WEEKDAY","CC9",1,"Paya Lebar",78395.1666666667
"CCL","WEEKENDS/HOLIDAY","CC9",1,"Paya Lebar",25937.1833333333
"CCL","WEEKDAY","CE2",0,"Marina Bay",2823.1962962963
"CCL","WEEKENDS/HOLIDAY","CE2",0,"Marina Bay",1235.37777777778
"CCL","WEEKDAY","CE2",1,"Marina Bay",7977.51111111111
"CCL","WEEKENDS/HOLIDAY","CE2",1,"Marina Bay",1512.1
"DTL","WEEKDAY","DT11",0,"Newton",44355.9388888889
"DTL","WEEKENDS/HOLIDAY","DT11",0,"Newton",22254.5944444444
"DTL","WEEKDAY","DT11",1,"Newton",99919.35
"DTL","WEEKENDS/HOLIDAY","DT11",1,"Newton",27103.35
"DTL","WEEKDAY","DT12",0,"Little India",22100.1777777778
"DTL","WEEKENDS/HOLIDAY","DT12",0,"Little India",15087.0944444444
"DTL","WEEKDAY","DT12",1,"Little India",41884.7666666667
"DTL","WEEKENDS/HOLIDAY","DT12",1,"Little India",18785.4666666667
"DTL","WEEKDAY","DT14",0,"Bugis",47015.4333333333
"DTL","WEEKENDS/HOLIDAY","DT14",0,"Bugis",26260.7277777778
"DTL","WEEKDAY","DT14",1,"Bugis",82716.0333333333
"DTL","WEEKENDS/HOLIDAY","DT14",1,"Bugis",28893.0166666667
"DTL","WEEKDAY","DT15",0,"Promenade",16554.4277777778
"DTL","WEEKENDS/HOLIDAY","DT15",0,"Promenade",7525.25555555556
"DTL","WEEKDAY","DT15",1,"Promenade",35300.5166666667
"DTL","WEEKENDS/HOLIDAY","DT15",1,"Promenade",9159.43333333333
"DTL","WEEKDAY","DT16",0,"Bayfront",30339.9388888889
"DTL","WEEKENDS/HOLIDAY","DT16",0,"Bayfront",22490.3555555556
"DTL","WEEKDAY","DT16",1,"Bayfront",40475.2333333333
"DTL","WEEKENDS/HOLIDAY","DT16",1,"Bayfront",27383.5833333333
"DTL","WEEKDAY","DT19",0,"Chinatown",45075.1333333333
"DTL","WEEKENDS/HOLIDAY","DT19",0,"Chinatown",23124.6833333333
"DTL","WEEKDAY","DT19",1,"Chinatown",70349.0166666667
"DTL","WEEKENDS/HOLIDAY","DT19",1,"Chinatown",26461.15
"DTL","WEEKDAY","DT26",0,"MacPherson",11579.2944444444
"DTL","WEEKENDS/HOLIDAY","DT26",0,"MacPherson",5314.63333333333
"DTL","WEEKDAY","DT26",1,"MacPherson",34232.3666666667
"DTL","WEEKENDS/HOLIDAY","DT26",1,"MacPherson",6581.61666666667
"DTL","WEEKDAY","DT32",0,"Tampines",40034.6888888889
"DTL","WEEKENDS/HOLIDAY","DT32",0,"Tampines",19403.85
"DTL","WEEKDAY","DT32",1,"Tampines",100649.116666667
"DTL","WEEKENDS/HOLIDAY","DT32",1,"Tampines",24792.6
"DTL","WEEKDAY","DT35",0,"Expo",10372.1
"DTL","WEEKENDS/HOLIDAY","DT35",0,"Expo",5079.64444444444
"DTL","WEEKDAY","DT35",1,"Expo",30169.6333333333
"DTL","WEEKENDS/HOLIDAY","DT35",1,"Expo",6921.51666666667
"DTL","WEEKDAY","DT9",0,"Botanic Gardens",5069.51666666667
"DTL","WEEKENDS/HOLIDAY","DT9",0,"Botanic Gardens",3030.38888888889
"DTL","WEEKDAY","DT9",1,"Botanic Gardens",10845.3833333333
"DTL","WEEKENDS/HOLIDAY","DT9",1,"Botanic Gardens",3538.83333333333
"EWL","WEEKDAY","EW13",0,"City Hall",36640.1111111111
"EWL","WEEKENDS/HOLIDAY","EW13",0,"City Hall",24100.3222222222
"EWL","WEEKDAY","EW13",1,"City Hall",65997.4666666667
"EWL","WEEKENDS/HOLIDAY","EW13",1,"City Hall",28666.5
"NEL","WEEKDAY","NE3",0,"Outram Park",17197.3777777778
"NEL","WEEKENDS/HOLIDAY","NE3",0,"Outram Park",5318
"NEL","WEEKDAY","NE3",1,"Outram Park",42898.0222222222
"NEL","WEEKENDS/HOLIDAY","NE3",1,"Outram Park",6629.27777777778
"NEL","WEEKDAY","NE6",0,"Dhoby Ghaut",17555.6222222222
"NEL","WEEKENDS/HOLIDAY","NE6",0,"Dhoby Ghaut",9345.05185185185
"NEL","WEEKDAY","NE6",1,"Dhoby Ghaut",32796.8777777778
"NEL","WEEKENDS/HOLIDAY","NE6",1,"Dhoby Ghaut",10966.9222222222
"NSL","WEEKDAY","NS1",0,"Jurong East",49127.2
"NSL","WEEKENDS/HOLIDAY","NS1",0,"Jurong East",26330.2444444444
"NSL","WEEKDAY","NS1",1,"Jurong East",135382.066666667
"NSL","WEEKENDS/HOLIDAY","NS1",1,"Jurong East",35347.35
"NSL","WEEKDAY","NS22",0,"Orchard",55501.5944444444
"NSL","WEEKENDS/HOLIDAY","NS22",0,"Orchard",34187.1944444444
"NSL","WEEKDAY","NS22",1,"Orchard",91457.7
"NSL","WEEKENDS/HOLIDAY","NS22",1,"Orchard",39615.6666666667
"NSL","WEEKDAY","NS26",0,"Raffles Place",42554.4833333333
"NSL","WEEKENDS/HOLIDAY","NS26",0,"Raffles Place",8318.81111111111
"NSL","WEEKDAY","NS26",1,"Raffles Place",115646.516666667
"NSL","WEEKENDS/HOLIDAY","NS26",1,"Raffles Place",9378.55
"TEL","WEEKDAY","TE17",0,"Outram Park",17197.3777777778
"TEL","WEEKENDS/HOLIDAY","TE17",0,"Outram Park",5318
"TEL","WEEKDAY","TE17",1,"Outram Park",42898.0222222222
"TEL","WEEKENDS/HOLIDAY","TE17",1,"Outram Park",6629.27777777778
"TEL","WEEKDAY","TE2",0,"Woodlands",45528.6055555556
"TEL","WEEKENDS/HOLIDAY","TE2",0,"Woodlands",21776.1277777778
"TEL","WEEKDAY","TE2",1,"Woodlands",108206.05
"TEL","WEEKENDS/HOLIDAY","TE2",1,"Woodlands",27217.3666666667
"TEL","WEEKDAY","TE20",0,"Marina Bay",2823.1962962963
"TEL","WEEKENDS/HOLIDAY","TE20",0,"Marina Bay",1235.37777777778
"TEL","WEEKDAY","TE20",1,"Marina Bay",7977.51111111111
"TEL","WEEKENDS/HOLIDAY","TE20",1,"Marina Bay",1512.1
"TEL","WEEKDAY","TE9",0,"Caldecott",5065.08333333333
"TEL","WEEKENDS/HOLIDAY","TE9",0,"Caldecott",1669.5
"TEL","WEEKDAY","TE9",1,"Caldecott",15417.1
"TEL","WEEKENDS/HOLIDAY","TE9",1,"Caldecott",2516.81666666667
"DTL","WEEKDAY","DT4",0,"Hume",15865.5944444444
"DTL","WEEKDAY","DT4",1,"Hume",40213.2333333333
"DTL","WEEKENDS/HOLIDAY","DT4",0,"Hume",8161.03333333333
"DTL","WEEKENDS/HOLIDAY","DT4",1,"Hume",10244.0833333333
