"","station_code","stations","line","line_code","line_number","join_station","is_interchange","mrt_score","bus_score","walk_score","score","Reachable_Stations"
"1","CE1","Bayfront","Circle Line","CCL",1,"bayfront",1,1,57.6100193284594,NA,0.158193688225927,"MARINA BAY MRT STATION (CE2)/MARINA BAY MRT STATION (NS27)/SHENTON WAY MRT STATION (TE19)/DOWNTOWN MRT STATION (DT17)/PROMENADE MRT STATION (DT15)/RAFFLES PLACE MRT STATION (EW14 / NS26)/TELOK AYER MRT STATION (DT18)/PRINCE EDWARD ROAD MRT STATION (CC32)/TANJONG PAGAR MRT STATION (EW15)/MARINA BAY MRT STATION/RAFFLES PLACE MRT STATION/GARDENS BY THE BAY MRT STATION (TE22)/MARINA SOUTH MRT STATION (TE21)/MAXWELL MRT STATION (TE18)/PROMENADE MRT STATION (CC4)/CITY HALL MRT STATION (EW13 / NS25)/BRAS BASAH MRT STATION (CC2)/ESPLANADE MRT STATION (CC3)/CITY HALL MRT STATION/BENCOOLEN MRT STATION (DT21)/BUGIS MRT STATION (DT14)/MARINA BAY MRT STATION (TE20)"
"2","CC1","Dhoby Ghaut","Circle Line","CCL",1,"dhobyghaut",1,2,309.43560092593,2.56926901860605,0.84425926604576,"DHOBY GHAUT MRT STATION (NS24)/ROCHOR MRT STATION (DT13)/CITY HALL MRT STATION (EW13 / NS25)/BENCOOLEN MRT STATION (DT21)/BRAS BASAH MRT STATION (CC2)/BUGIS MRT STATION (EW12)/ESPLANADE MRT STATION (CC3)/JALAN BESAR MRT STATION (DT22)/LITTLE INDIA MRT STATION (DT12)/LITTLE INDIA MRT STATION (NE7)/BUGIS MRT STATION/CITY HALL MRT STATION/LITTLE INDIA MRT STATION/CHINATOWN MRT STATION (DT19)/CHINATOWN MRT STATION (NE4)/CLARKE QUAY MRT STATION (NE5)/BENDEMEER MRT STATION (DT23)/CHINATOWN MRT STATION/CLARKE QUAY MRT STATION/RAFFLES PLACE MRT STATION (EW14 / NS26)/TELOK AYER MRT STATION (DT18)/PROMENADE MRT STATION (CC4)/PROMENADE MRT STATION (DT15)/SOMERSET MRT STATION (NS23)/DHOBY GHAUT MRT STATION (NE6)/SOMERSET MRT STATION/FORT CANNING MRT STATION (DT20)/FARRER PARK MRT STATION (NE8)/RAFFLES PLACE MRT STATION/BUGIS MRT STATION (DT14)/FARRER PARK MRT STATION/HAVELOCK MRT STATION (TE16)/GREAT WORLD MRT STATION (TE15)/ORCHARD MRT STATION (NS22)/ORCHARD MRT STATION (TE14)/MAXWELL MRT STATION (TE18)/OUTRAM PARK MRT STATION (NE3)/OUTRAM PARK MRT STATION (EW16)/OUTRAM PARK MRT STATION (TE17)/OUTRAM PARK MRT STATION/NICOLL HIGHWAY MRT STATION (CC5)/LAVENDER MRT STATION (EW11)/LAVENDER MRT STATION"
"3","CC2","Bras Basah","Circle Line","CCL",2,"brasbasah",0,0,148.061339576876,4.83871401192009,0.407965085275089,"CHINATOWN MRT STATION (DT19)/CHINATOWN MRT STATION (NE4)/CLARKE QUAY MRT STATION (NE5)/MAXWELL MRT STATION (TE18)/ROCHOR MRT STATION (DT13)/CITY HALL MRT STATION (EW13 / NS25)/BENCOOLEN MRT STATION (DT21)/BUGIS MRT STATION (DT14)/BUGIS MRT STATION (EW12)/ESPLANADE MRT STATION (CC3)/FORT CANNING MRT STATION (DT20)/JALAN BESAR MRT STATION (DT22)/LAVENDER MRT STATION (EW11)/CHINATOWN MRT STATION/CLARKE QUAY MRT STATION/BUGIS MRT STATION/CITY HALL MRT STATION/LAVENDER MRT STATION/SOMERSET MRT STATION (NS23)/BENDEMEER MRT STATION (DT23)/DHOBY GHAUT MRT STATION (NS24)/DHOBY GHAUT MRT STATION (CC1)/DHOBY GHAUT MRT STATION (NE6)/SOMERSET MRT STATION/RAFFLES PLACE MRT STATION (EW14 / NS26)/FARRER PARK MRT STATION (NE8)/RAFFLES PLACE MRT STATION/FARRER PARK MRT STATION/PROMENADE MRT STATION (DT15)/LITTLE INDIA MRT STATION (DT12)/LITTLE INDIA MRT STATION (NE7)/LITTLE INDIA MRT STATION/OUTRAM PARK MRT STATION (NE3)/OUTRAM PARK MRT STATION (EW16)/OUTRAM PARK MRT STATION (TE17)/OUTRAM PARK MRT STATION/PROMENADE MRT STATION (CC4)/TELOK AYER MRT STATION (DT18)/SHENTON WAY MRT STATION (TE19)/DOWNTOWN MRT STATION (DT17)/NICOLL HIGHWAY MRT STATION (CC5)/BAYFRONT MRT STATION (DT16 / CE1)/GREAT WORLD MRT STATION (TE15)/HAVELOCK MRT STATION (TE16)/TANJONG PAGAR MRT STATION (EW15)/BOON KENG MRT STATION (NE9)/ORCHARD MRT STATION (NS22)/ORCHARD MRT STATION (TE14)"
"4","CE2","Marina Bay","Circle Line","CCL",2,"marinabay",1,2,137.507663650431,1.70906775338294,0.37968433778939,"MARINA BAY MRT STATION (CE2)/MARINA BAY MRT STATION (NS27)/SHENTON WAY MRT STATION (TE19)/BAYFRONT MRT STATION (DT16 / CE1)/DOWNTOWN MRT STATION (DT17)/PROMENADE MRT STATION (DT15)/RAFFLES PLACE MRT STATION (EW14 / NS26)/TELOK AYER MRT STATION (DT18)/PRINCE EDWARD ROAD MRT STATION (CC32)/TANJONG PAGAR MRT STATION (EW15)/RAFFLES PLACE MRT STATION/GARDENS BY THE BAY MRT STATION (TE22)/MARINA SOUTH MRT STATION (TE21)/MAXWELL MRT STATION (TE18)/PROMENADE MRT STATION (CC4)/MARINA BAY MRT STATION (TE20)/CANTONMENT MRT STATION (CC31)/MARINA SOUTH PIER MRT STATION (NS28)"
"5","CC3","Esplanade","Circle Line","CCL",3,"esplanade",0,0,145.228273691111,2.76699273673566,0.39635257629919,"CHINATOWN MRT STATION (DT19)/CHINATOWN MRT STATION (NE4)/CLARKE QUAY MRT STATION (NE5)/MAXWELL MRT STATION (TE18)/ROCHOR MRT STATION (DT13)/CITY HALL MRT STATION (EW13 / NS25)/BENCOOLEN MRT STATION (DT21)/BRAS BASAH MRT STATION (CC2)/BUGIS MRT STATION (DT14)/BUGIS MRT STATION (EW12)/FORT CANNING MRT STATION (DT20)/JALAN BESAR MRT STATION (DT22)/LAVENDER MRT STATION (EW11)/CHINATOWN MRT STATION/CLARKE QUAY MRT STATION/BUGIS MRT STATION/CITY HALL MRT STATION/LAVENDER MRT STATION/SOMERSET MRT STATION (NS23)/BENDEMEER MRT STATION (DT23)/DHOBY GHAUT MRT STATION (NS24)/DHOBY GHAUT MRT STATION (CC1)/DHOBY GHAUT MRT STATION (NE6)/SOMERSET MRT STATION/RAFFLES PLACE MRT STATION (EW14 / NS26)/FARRER PARK MRT STATION (NE8)/RAFFLES PLACE MRT STATION/FARRER PARK MRT STATION/PROMENADE MRT STATION (DT15)/LITTLE INDIA MRT STATION (DT12)/LITTLE INDIA MRT STATION (NE7)/LITTLE INDIA MRT STATION/OUTRAM PARK MRT STATION (NE3)/OUTRAM PARK MRT STATION (EW16)/OUTRAM PARK MRT STATION (TE17)/OUTRAM PARK MRT STATION/PROMENADE MRT STATION (CC4)/TELOK AYER MRT STATION (DT18)/SHENTON WAY MRT STATION (TE19)/DOWNTOWN MRT STATION (DT17)/NICOLL HIGHWAY MRT STATION (CC5)/TANJONG PAGAR MRT STATION (EW15)/PRINCE EDWARD ROAD MRT STATION (CC32)/BAYFRONT MRT STATION (DT16 / CE1)"
"6","CC4","Promenade","Circle Line","CCL",4,"promenade",1,1,151.963984524224,0.810930216216329,0.413803866202779,"NICOLL HIGHWAY MRT STATION (CC5)/PROMENADE MRT STATION (DT15)/CITY HALL MRT STATION (EW13 / NS25)/BUGIS MRT STATION (DT14)/BUGIS MRT STATION (EW12)/ESPLANADE MRT STATION (CC3)/BUGIS MRT STATION/CITY HALL MRT STATION/CLARKE QUAY MRT STATION (NE5)/FORT CANNING MRT STATION (DT20)/CLARKE QUAY MRT STATION/DHOBY GHAUT MRT STATION (NS24)/DHOBY GHAUT MRT STATION (CC1)/BENCOOLEN MRT STATION (DT21)/BRAS BASAH MRT STATION (CC2)/ROCHOR MRT STATION (DT13)/BAYFRONT MRT STATION (DT16 / CE1)/DHOBY GHAUT MRT STATION (NE6)/JALAN BESAR MRT STATION (DT22)/LAVENDER MRT STATION (EW11)/LAVENDER MRT STATION/SHENTON WAY MRT STATION (TE19)/DOWNTOWN MRT STATION (DT17)/RAFFLES PLACE MRT STATION (EW14 / NS26)/TELOK AYER MRT STATION (DT18)/RAFFLES PLACE MRT STATION/MARINA BAY MRT STATION (CE2)/MARINA BAY MRT STATION (NS27)/MARINA BAY MRT STATION/MARINA BAY MRT STATION (TE20)"
"7","CC5","Nicoll Highway","Circle Line","CCL",5,"nicollhighway",0,0,50.077921758074,NA,0.134836141094584,"BENDEMEER MRT STATION (DT23)/CITY HALL MRT STATION (EW13 / NS25)/BUGIS MRT STATION (DT14)/BUGIS MRT STATION (EW12)/ESPLANADE MRT STATION (CC3)/LAVENDER MRT STATION (EW11)/BUGIS MRT STATION/CITY HALL MRT STATION/LAVENDER MRT STATION/PROMENADE MRT STATION (CC4)/PROMENADE MRT STATION (DT15)/KALLANG MRT STATION (EW10)/ROCHOR MRT STATION (DT13)/JALAN BESAR MRT STATION (DT22)/BENCOOLEN MRT STATION (DT21)/BRAS BASAH MRT STATION (CC2)/RAFFLES PLACE MRT STATION (EW14 / NS26)/RAFFLES PLACE MRT STATION/LITTLE INDIA MRT STATION (DT12)/LITTLE INDIA MRT STATION (NE7)/LITTLE INDIA MRT STATION/STADIUM MRT STATION (CC6)/DHOBY GHAUT MRT STATION (NS24)/DHOBY GHAUT MRT STATION (CC1)/DHOBY GHAUT MRT STATION (NE6)/TANJONG RHU MRT STATION (TE23)/KATONG PARK MRT STATION (TE24)"
"8","CC6","Stadium","Circle Line","CCL",6,"stadium",0,0,14.3422725210286,NA,0.0386169516100296,"TANJONG RHU MRT STATION (TE23)/KALLANG MRT STATION (EW10)/MOUNTBATTEN MRT STATION (CC7)/MOUNTBATTEN MRT STATION/NICOLL HIGHWAY MRT STATION (CC5)/DAKOTA MRT STATION (CC8)/DAKOTA MRT STATION/KATONG PARK MRT STATION (TE24)"
"9","CC7","Mountbatten","Circle Line","CCL",7,"mountbatten",0,0,43.9776177788864,0.810930216216329,0.119970517829877,"STADIUM MRT STATION (CC6)/DAKOTA MRT STATION (CC8)/MOUNTBATTEN MRT STATION (CC7)/DAKOTA MRT STATION/KALLANG MRT STATION (EW10)/KATONG PARK MRT STATION (TE24)/ALJUNIED MRT STATION (EW9)/TANJONG KATONG MRT STATION (TE25)/TANJONG RHU MRT STATION (TE23)/PAYA LEBAR MRT STATION (CC9)/PAYA LEBAR MRT STATION (EW8)"
"10","CC8","Dakota","Circle Line","CCL",8,"dakota",0,0,49.4858928748086,0.810930216216329,0.134801695561445,"KALLANG MRT STATION (EW10)/PAYA LEBAR MRT STATION (CC9)/DAKOTA MRT STATION (CC8)/PAYA LEBAR MRT STATION (EW8)/MOUNTBATTEN MRT STATION (CC7)/MOUNTBATTEN MRT STATION/EUNOS MRT STATION (EW7)/MACPHERSON MRT STATION (DT26)/MACPHERSON MRT STATION (CC10)/MACPHERSON MRT STATION/STADIUM MRT STATION (CC6)/KATONG PARK MRT STATION (TE24)/TANJONG KATONG MRT STATION (TE25)/MARINE PARADE MRT STATION (TE26)"
"11","CC9","Paya Lebar","Circle Line","CCL",9,"payalebar",1,1,67.9110372450372,NA,0.185929453937761,"KALLANG MRT STATION (EW10)/ALJUNIED MRT STATION (EW9)/PAYA LEBAR MRT STATION (EW8)/EUNOS MRT STATION (EW7)/MACPHERSON MRT STATION (DT26)/MACPHERSON MRT STATION (CC10)/MACPHERSON MRT STATION/MATTAR MRT STATION (DT25)/UBI MRT STATION (DT27)/TAI SENG MRT STATION (CC11)/DAKOTA MRT STATION (CC8)/DAKOTA MRT STATION/MOUNTBATTEN MRT STATION (CC7)/MOUNTBATTEN MRT STATION/KEMBANGAN MRT STATION (EW6)/TANJONG KATONG MRT STATION (TE25)"
"12","CC10","MacPherson","Circle Line","CCL",10,"macpherson",1,1,78.0866790841419,NA,0.213327641214258,"KAKI BUKIT MRT STATION (DT28)/UBI MRT STATION (DT27)/TAI SENG MRT STATION (CC11)/BARTLEY MRT STATION (CC12)/BARTLEY MRT STATION/MACPHERSON MRT STATION (DT26)/PAYA LEBAR MRT STATION (CC9)/MACPHERSON MRT STATION (CC10)/PAYA LEBAR MRT STATION (EW8)/MATTAR MRT STATION (DT25)/ALJUNIED MRT STATION (EW9)/DAKOTA MRT STATION (CC8)/DAKOTA MRT STATION/EUNOS MRT STATION (EW7)"
"13","CC11","Tai Seng","Circle Line","CCL",11,"taiseng",0,0,29.8067567991635,NA,0.0802554883319611,"POTONG PASIR MRT STATION (NE10)/KIM CHUAN UNDERGROUND MRT DEPOT/POTONG PASIR MRT STATION/ALJUNIED MRT STATION (EW9)/MATTAR MRT STATION (DT25)/BARTLEY MRT STATION (CC12)/BARTLEY MRT STATION/MACPHERSON MRT STATION (DT26)/MACPHERSON MRT STATION (CC10)/UBI MRT STATION (DT27)/MACPHERSON MRT STATION/PAYA LEBAR MRT STATION (CC9)/PAYA LEBAR MRT STATION (EW8)/SERANGOON MRT STATION (NE12)"
"14","CC12","Bartley","Circle Line","CCL",12,"bartley",0,0,45.4301346481205,NA,0.122321850234776,"MACPHERSON MRT STATION (DT26)/MACPHERSON MRT STATION (CC10)/SERANGOON MRT STATION (CC13)/TAI SENG MRT STATION (CC11)/BARTLEY MRT STATION (CC12)/SERANGOON MRT STATION (NE12)/MACPHERSON MRT STATION/SERANGOON MRT STATION/KOVAN MRT STATION (NE13)/KOVAN MRT STATION/WOODLEIGH MRT STATION (NE11)/WOODLEIGH MRT STATION"
"15","CC13","Serangoon","Circle Line","CCL",13,"serangoon",1,1,71.8538865343141,NA,0.196545680898056,"SERANGOON MRT STATION (CC13)/WOODLEIGH MRT STATION (NE11)/SERANGOON MRT STATION (NE12)/WOODLEIGH MRT STATION/POTONG PASIR MRT STATION (NE10)/KOVAN MRT STATION/POTONG PASIR MRT STATION/LORONG CHUAN MRT STATION (CC14)/LORONG CHUAN MRT STATION/KOVAN MRT STATION (NE13)/BARTLEY MRT STATION (CC12)/BARTLEY MRT STATION"
"16","CC14","Lorong Chuan","Circle Line","CCL",14,"lorongchuan",0,0,24.2798656860513,NA,0.06537418647718,"LORONG CHUAN MRT STATION (CC14)/SERANGOON MRT STATION (CC13)/SERANGOON MRT STATION (NE12)/SERANGOON MRT STATION/WOODLEIGH MRT STATION (NE11)/WOODLEIGH MRT STATION"
"17","CC15","Bishan","Circle Line","CCL",15,"bishan",1,1,38.7907854562598,NA,0.107522398671568,"BISHAN MRT STATION (CC15)/BISHAN MRT STATION (NS17)/BRADDELL MRT STATION (NS18)/BRADDELL MRT STATION/UPPER THOMSON MRT STATION (TE8)/MARYMOUNT MRT STATION (CC16)/ANG MO KIO MRT STATION (NS16)/ANG MO KIO MRT STATION/LORONG CHUAN MRT STATION (CC14)"
"18","CC16","Marymount","Circle Line","CCL",16,"marymount",0,0,22.043608377892,NA,0.0593530039811603,"CALDECOTT MRT STATION (TE9)/BISHAN MRT STATION (CC15)/BISHAN MRT STATION (NS17)/CALDECOTT MRT STATION (CC17)/BISHAN MRT STATION/CALDECOTT MRT STATION/BRADDELL MRT STATION (NS18)/BRADDELL MRT STATION/UPPER THOMSON MRT STATION (TE8)/MOUNT PLEASANT MRT STATION (TE10)/BRIGHT HILL MRT STATION (TE7)"
"19","CC17","Caldecott","Circle Line","CCL",17,"caldecott",1,1,40.8382730888934,NA,0.113035313777289,"CALDECOTT MRT STATION (TE9)/CALDECOTT MRT STATION (CC17)/MARYMOUNT MRT STATION (CC16)/MOUNT PLEASANT MRT STATION (TE10)/BRADDELL MRT STATION (NS18)/NOVENA MRT STATION (NS20)/BRADDELL MRT STATION/TOA PAYOH MRT STATION (NS19)/UPPER THOMSON MRT STATION (TE8)"
"20","CC19","Botanic Gardens","Circle Line","CCL",19,"botanicgardens",1,1,62.3866317905345,NA,0.171054844785138,"BOTANIC GARDENS MRT STATION (CC19)/BOTANIC GARDENS MRT STATION (DT9)/STEVENS MRT STATION (DT10)/STEVENS MRT STATION (TE11)/TAN KAH KEE MRT STATION (DT8)/TAN KAH KEE MRT STATION/FARRER ROAD MRT STATION (CC20)/NEWTON MRT STATION (DT11)/NEWTON MRT STATION (NS21)/NEWTON MRT STATION/SIXTH AVENUE MRT STATION (DT7)/SIXTH AVENUE MRT STATION."
"21","CC20","Farrer Road","Circle Line","CCL",20,"farrerroad",0,0,16.1906023417451,NA,0.0435936289909209,"BOTANIC GARDENS MRT STATION (CC19)/COMMONWEALTH MRT STATION (EW20)/BOTANIC GARDENS MRT STATION (DT9)/BOTANIC GARDENS MRT STATION/HOLLAND VILLAGE MRT STATION (CC21)/TAN KAH KEE MRT STATION (DT8)/TAN KAH KEE MRT STATION/NAPIER MRT STATION (TE12)/STEVENS MRT STATION (DT10)/STEVENS MRT STATION (TE11)"
"22","CC21","Holland Village","Circle Line","CCL",21,"hollandvillage",0,0,9.65194452670022,NA,0.0259881182834713,"ONE-NORTH MRT STATION (CC23)/BUONA VISTA MRT STATION (EW21)/BUONA VISTA MRT STATION (CC22)/BUONA VISTA MRT STATION/FARRER ROAD MRT STATION (CC20)/COMMONWEALTH MRT STATION (EW20)/DOVER MRT STATION (EW22)/KENT RIDGE MRT STATION (CC24)"
"23","CC22","Buona Vista","Circle Line","CCL",22,"buonavista",1,1,38.591555046757,NA,0.106985965475801,"BUONA VISTA MRT STATION (EW21)/BUONA VISTA MRT STATION (CC22)/COMMONWEALTH MRT STATION (EW20)/DOVER MRT STATION (EW22)/QUEENSTOWN MRT STATION (EW19)/ONE-NORTH MRT STATION (CC23)/KENT RIDGE MRT STATION (CC24)/HOLLAND VILLAGE MRT STATION (CC21)"
"24","CC23","one-north","Circle Line","CCL",23,"one-north",0,0,14.3992624273487,NA,0.0387703984540633,"BUONA VISTA MRT STATION (EW21)/KENT RIDGE MRT STATION (CC24)/BUONA VISTA MRT STATION (CC22)/BUONA VISTA MRT STATION/DOVER MRT STATION (EW22)/COMMONWEALTH MRT STATION (EW20)/HOLLAND VILLAGE MRT STATION (CC21)"
"25","CC24","Kent Ridge","Circle Line","CCL",24,"kentridge",0,0,15.1162470307225,NA,0.0407008986375612,"ONE-NORTH MRT STATION (CC23)/HAW PAR VILLA MRT STATION (CC25)/HAW PAR VILLA MRT STATION/BUONA VISTA MRT STATION (EW21)/BUONA VISTA MRT STATION (CC22)/BUONA VISTA MRT STATION/DOVER MRT STATION (EW22)/HOLLAND VILLAGE MRT STATION (CC21)/COMMONWEALTH MRT STATION (EW20)"
"26","CC25","Haw Par Villa","Circle Line","CCL",25,"hawparvilla",0,0,15.3805720413535,NA,0.0414126007844764,"LABRADOR PARK MRT STATION (CC27)/HAW PAR VILLA MRT STATION (CC25)/PASIR PANJANG MRT STATION (CC26)/LABRADOR PARK MRT STATION/KENT RIDGE MRT STATION (CC24)"
"27","CC26","Pasir Panjang","Circle Line","CCL",26,"pasirpanjang",0,0,10.7913788098886,NA,0.0290560755065808,"LABRADOR PARK MRT STATION (CC27)/TELOK BLANGAH MRT STATION (CC28)/HAW PAR VILLA MRT STATION (CC25)/HAW PAR VILLA MRT STATION/LABRADOR PARK MRT STATION"
"28","CC27","Labrador Park","Circle Line","CCL",27,"labradorpark",0,0,30.086311551267,0.693147180559945,0.0823412807402309,"HARBOURFRONT MRT STATION (NE1 / CC29)/LABRADOR PARK MRT STATION (CC27)/TELOK BLANGAH MRT STATION (CC28)/PASIR PANJANG MRT STATION (CC26)/HARBOURFRONT MRT STATION/HAW PAR VILLA MRT STATION/HAW PAR VILLA MRT STATION (CC25)"
"29","CC28","Telok Blangah","Circle Line","CCL",28,"telokblangah",0,0,15.3024824868376,0.693147180559945,0.0425354263503526,"LABRADOR PARK MRT STATION (CC27)/LABRADOR PARK MRT STATION/HARBOURFRONT MRT STATION (NE1 / CC29)/HARBOURFRONT MRT STATION/KEPPEL MRT STATION (CC30)/PASIR PANJANG MRT STATION (CC26)"
"30","CC29","HarbourFront","Circle Line","CCL",29,"harbourfront",1,1,27.1647949512251,NA,0.0762191088969998,"HARBOURFRONT MRT STATION (NE1 / CC29)/TELOK BLANGAH MRT STATION (CC28)/LABRADOR PARK MRT STATION/LABRADOR PARK MRT STATION (CC27)/KEPPEL MRT STATION (CC30)/CANTONMENT MRT STATION (CC31)"
"31","CG1","Expo","Changi Airport Branch Line","CGL",1,"expo",1,1,16.4261684130578,NA,0.0473050702901776,"EXPO MRT STATION (DT35)/TAMPINES EAST MRT STATION (DT33)/SIMEI MRT STATION (EW3)/UPPER CHANGI MRT STATION (DT34)/TANAH MERAH MRT STATION (EW4)/XILIN MRT STATION (DT36)"
"32","CG2","Changi Airport","Changi Airport Branch Line","CGL",2,"changiairport",0,0,NA,NA,0,NA
"33","DT1","Bukit Panjang","Downtown Line","DTL",1,"bukitpanjang",0,0,33.8650793729489,NA,0.0911826301931952,"CASHEW MRT STATION (DT2)/HILLVIEW MRT STATION (DT3)/BUKIT PANJANG MRT STATION (DT1)/CASHEW MRT STATION/HILLVIEW MRT STATION/CHOA CHU KANG MRT STATION (NS4)/CHOA CHU KANG MRT STATION (JS1)/CHOA CHU KANG WEST MRT STATION (JS2)"
"34","DT2","Cashew","Downtown Line","DTL",2,"cashew",0,0,24.0381362816637,NA,0.0647233236032338,"CASHEW MRT STATION (DT2)/HUME MRT STATION (DT4)/HILLVIEW MRT STATION (DT3)/BUKIT PANJANG MRT STATION (DT1)/BUKIT PANJANG MRT STATION/HILLVIEW MRT STATION"
"35","DT3","Hillview","Downtown Line","DTL",3,"hillview",0,0,25.2916464632098,NA,0.06809843322777,"HUME MRT STATION (DT4)/HILLVIEW MRT STATION (DT3)/CASHEW MRT STATION (DT2)/CASHEW MRT STATION/BUKIT PANJANG MRT STATION (DT1)/BUKIT PANJANG MRT STATION"
"36","DT4","Hume","Downtown Line","DTL",4,"hume",0,0,13.1135567123161,NA,0.0353086014961993,"CASHEW MRT STATION (DT2)/BEAUTY WORLD MRT STATION (DT5)/HILLVIEW MRT STATION (DT3)/CASHEW MRT STATION/BEAUTY WORLD MRT STATION/HILLVIEW MRT STATION"
"37","DT5","Beauty World","Downtown Line","DTL",5,"beautyworld",0,0,13.3692234553359,NA,0.0359969910264507,"KING ALBERT PARK MRT STATION (DT6)/BEAUTY WORLD MRT STATION (DT5)/KING ALBERT PARK MRT STATION/HUME MRT STATION (DT4)"
"38","DT6","King Albert Park","Downtown Line","DTL",6,"kingalbertpark",0,0,19.4701378018223,NA,0.0524238657598494,"KING ALBERT PARK MRT STATION (DT6)/SIXTH AVENUE MRT STATION (DT7)/SIXTH AVENUE MRT STATION./BEAUTY WORLD MRT STATION (DT5)/BEAUTY WORLD MRT STATION"
"39","DT7","Sixth Avenue","Downtown Line","DTL",7,"sixthavenue",0,0,35.1088639277261,NA,0.0945315533080442,"KING ALBERT PARK MRT STATION (DT6)/BOTANIC GARDENS MRT STATION (CC19)/BOTANIC GARDENS MRT STATION (DT9)/TAN KAH KEE MRT STATION (DT8)/BOTANIC GARDENS MRT STATION/KING ALBERT PARK MRT STATION/SIXTH AVENUE MRT STATION./TAN KAH KEE MRT STATION"
"40","DT8","Tan Kah Kee","Downtown Line","DTL",8,"tankahkee",0,0,34.788693097032,NA,0.093669484799882,"BOTANIC GARDENS MRT STATION (CC19)/BOTANIC GARDENS MRT STATION (DT9)/STEVENS MRT STATION (DT10)/STEVENS MRT STATION (TE11)/TAN KAH KEE MRT STATION (DT8)/SIXTH AVENUE MRT STATION (DT7)/BOTANIC GARDENS MRT STATION/SIXTH AVENUE MRT STATION./FARRER ROAD MRT STATION (CC20)"
"41","DT9","Botanic Gardens","Downtown Line","DTL",9,"botanicgardens",1,1,62.3866317905345,NA,0.171054844785138,"BOTANIC GARDENS MRT STATION (CC19)/BOTANIC GARDENS MRT STATION (DT9)/STEVENS MRT STATION (DT10)/STEVENS MRT STATION (TE11)/TAN KAH KEE MRT STATION (DT8)/TAN KAH KEE MRT STATION/FARRER ROAD MRT STATION (CC20)/NEWTON MRT STATION (DT11)/NEWTON MRT STATION (NS21)/NEWTON MRT STATION/SIXTH AVENUE MRT STATION (DT7)/SIXTH AVENUE MRT STATION."
"42","DT10","Stevens","Downtown Line","DTL",10,"stevens",1,1,47.2750842075802,NA,0.130366599536138,"BOTANIC GARDENS MRT STATION (CC19)/NEWTON MRT STATION (DT11)/NEWTON MRT STATION (NS21)/BOTANIC GARDENS MRT STATION (DT9)/STEVENS MRT STATION (TE11)/BOTANIC GARDENS MRT STATION/NEWTON MRT STATION/TAN KAH KEE MRT STATION (DT8)/TAN KAH KEE MRT STATION/FARRER ROAD MRT STATION (CC20)/MOUNT PLEASANT MRT STATION (TE10)/ORCHARD MRT STATION (NS22)/ORCHARD MRT STATION (TE14)"
"43","DT11","Newton","Downtown Line","DTL",11,"newton",1,1,100.585135616318,NA,0.273905335992372,"ROCHOR MRT STATION (DT13)/BUGIS MRT STATION (EW12)/JALAN BESAR MRT STATION (DT22)/LITTLE INDIA MRT STATION (DT12)/LITTLE INDIA MRT STATION (NE7)/NEWTON MRT STATION (DT11)/NEWTON MRT STATION (NS21)/STEVENS MRT STATION (DT10)/STEVENS MRT STATION (TE11)/BUGIS MRT STATION/LITTLE INDIA MRT STATION/BUGIS MRT STATION (DT14)/FARRER PARK MRT STATION (NE8)/ORCHARD MRT STATION (NS22)/ORCHARD MRT STATION (TE14)/BOTANIC GARDENS MRT STATION (CC19)/BOTANIC GARDENS MRT STATION (DT9)/BOTANIC GARDENS MRT STATION/NOVENA MRT STATION (NS20)/SOMERSET MRT STATION (NS23)/SOMERSET MRT STATION"
"44","DT12","Little India","Downtown Line","DTL",12,"littleindia",1,1,184.184776281845,0.693147180559945,0.500332683837174,"DHOBY GHAUT MRT STATION (NS24)/ROCHOR MRT STATION (DT13)/DHOBY GHAUT MRT STATION (CC1)/CITY HALL MRT STATION (EW13 / NS25)/BENCOOLEN MRT STATION (DT21)/BRAS BASAH MRT STATION (CC2)/ESPLANADE MRT STATION (CC3)/FARRER PARK MRT STATION (NE8)/JALAN BESAR MRT STATION (DT22)/LITTLE INDIA MRT STATION (DT12)/LITTLE INDIA MRT STATION (NE7)/DHOBY GHAUT MRT STATION (NE6)/CITY HALL MRT STATION/FARRER PARK MRT STATION/FORT CANNING MRT STATION (DT20)/CLARKE QUAY MRT STATION (NE5)/BOON KENG MRT STATION (NE9)/CLARKE QUAY MRT STATION/BOON KENG MRT STATION/NOVENA MRT STATION (NS20)/BUGIS MRT STATION (DT14)/BUGIS MRT STATION (EW12)/BUGIS MRT STATION/SOMERSET MRT STATION (NS23)/SOMERSET MRT STATION/BENDEMEER MRT STATION (DT23)/NEWTON MRT STATION (DT11)/NEWTON MRT STATION (NS21)/NEWTON MRT STATION/LAVENDER MRT STATION (EW11)/LAVENDER MRT STATION/NICOLL HIGHWAY MRT STATION (CC5)"
"45","DT13","Rochor","Downtown Line","DTL",13,"rochor",0,0,103.442453641468,2.81910873787467,0.283943371632356,"BUGIS MRT STATION (DT14)/BUGIS MRT STATION (EW12)/JALAN BESAR MRT STATION (DT22)/LITTLE INDIA MRT STATION (DT12)/LITTLE INDIA MRT STATION (NE7)/BUGIS MRT STATION/LITTLE INDIA MRT STATION/CHINATOWN MRT STATION (DT19)/KALLANG MRT STATION (EW10)/CHINATOWN MRT STATION (NE4)/CLARKE QUAY MRT STATION (NE5)/CITY HALL MRT STATION (EW13 / NS25)/BENCOOLEN MRT STATION (DT21)/BRAS BASAH MRT STATION (CC2)/ESPLANADE MRT STATION (CC3)/FORT CANNING MRT STATION (DT20)/LAVENDER MRT STATION (EW11)/CHINATOWN MRT STATION/CLARKE QUAY MRT STATION/CITY HALL MRT STATION/LAVENDER MRT STATION/SOMERSET MRT STATION (NS23)/BENDEMEER MRT STATION (DT23)/DHOBY GHAUT MRT STATION (NS24)/DHOBY GHAUT MRT STATION (CC1)/DHOBY GHAUT MRT STATION (NE6)/SOMERSET MRT STATION/PROMENADE MRT STATION (DT15)/NICOLL HIGHWAY MRT STATION (CC5)/FARRER PARK MRT STATION (NE8)/FARRER PARK MRT STATION/BOON KENG MRT STATION (NE9)/BOON KENG MRT STATION/NOVENA MRT STATION (NS20)/NEWTON MRT STATION (DT11)/NEWTON MRT STATION (NS21)/NEWTON MRT STATION/RAFFLES PLACE MRT STATION (EW14 / NS26)/PROMENADE MRT STATION (CC4)"
"46","DT14","Bugis","Downtown Line","DTL",14,"bugis",1,1,368.445376573302,2.53417769879478,1,"RAFFLES PLACE MRT STATION (EW14 / NS26)/ROCHOR MRT STATION (DT13)/CITY HALL MRT STATION (EW13 / NS25)/BENCOOLEN MRT STATION (DT21)/BRAS BASAH MRT STATION (CC2)/BUGIS MRT STATION (DT14)/BUGIS MRT STATION (EW12)/ESPLANADE MRT STATION (CC3)/FARRER PARK MRT STATION (NE8)/JALAN BESAR MRT STATION (DT22)/LAVENDER MRT STATION (EW11)/RAFFLES PLACE MRT STATION/CITY HALL MRT STATION/FARRER PARK MRT STATION/LAVENDER MRT STATION/PROMENADE MRT STATION (DT15)/BENDEMEER MRT STATION (DT23)/CHINATOWN MRT STATION (DT19)/CHINATOWN MRT STATION (NE4)/CLARKE QUAY MRT STATION (NE5)/FORT CANNING MRT STATION (DT20)/CHINATOWN MRT STATION/CLARKE QUAY MRT STATION/MAXWELL MRT STATION (TE18)/LITTLE INDIA MRT STATION (DT12)/LITTLE INDIA MRT STATION (NE7)/LITTLE INDIA MRT STATION/OUTRAM PARK MRT STATION (NE3)/OUTRAM PARK MRT STATION (EW16)/OUTRAM PARK MRT STATION (TE17)/OUTRAM PARK MRT STATION/PROMENADE MRT STATION (CC4)/TELOK AYER MRT STATION (DT18)/SOMERSET MRT STATION (NS23)/DHOBY GHAUT MRT STATION (NS24)/DHOBY GHAUT MRT STATION (CC1)/DHOBY GHAUT MRT STATION (NE6)/SOMERSET MRT STATION/KALLANG MRT STATION (EW10)/NICOLL HIGHWAY MRT STATION (CC5)/BOON KENG MRT STATION (NE9)/SHENTON WAY MRT STATION (TE19)/DOWNTOWN MRT STATION (DT17)/BOON KENG MRT STATION/NEWTON MRT STATION (DT11)/NEWTON MRT STATION (NS21)/NEWTON MRT STATION/NOVENA MRT STATION (NS20)"
"47","DT15","Promenade","Downtown Line","DTL",15,"promenade",1,1,151.963984524224,0.810930216216329,0.413803866202779,"NICOLL HIGHWAY MRT STATION (CC5)/PROMENADE MRT STATION (DT15)/CITY HALL MRT STATION (EW13 / NS25)/BUGIS MRT STATION (DT14)/BUGIS MRT STATION (EW12)/ESPLANADE MRT STATION (CC3)/BUGIS MRT STATION/CITY HALL MRT STATION/CLARKE QUAY MRT STATION (NE5)/FORT CANNING MRT STATION (DT20)/CLARKE QUAY MRT STATION/DHOBY GHAUT MRT STATION (NS24)/DHOBY GHAUT MRT STATION (CC1)/BENCOOLEN MRT STATION (DT21)/BRAS BASAH MRT STATION (CC2)/ROCHOR MRT STATION (DT13)/BAYFRONT MRT STATION (DT16 / CE1)/DHOBY GHAUT MRT STATION (NE6)/JALAN BESAR MRT STATION (DT22)/LAVENDER MRT STATION (EW11)/LAVENDER MRT STATION/SHENTON WAY MRT STATION (TE19)/DOWNTOWN MRT STATION (DT17)/RAFFLES PLACE MRT STATION (EW14 / NS26)/TELOK AYER MRT STATION (DT18)/RAFFLES PLACE MRT STATION/MARINA BAY MRT STATION (CE2)/MARINA BAY MRT STATION (NS27)/MARINA BAY MRT STATION/MARINA BAY MRT STATION (TE20)"
"48","DT16","Bayfront","Downtown Line","DTL",16,"bayfront",1,1,57.6100193284594,NA,0.158193688225927,"MARINA BAY MRT STATION (CE2)/MARINA BAY MRT STATION (NS27)/SHENTON WAY MRT STATION (TE19)/DOWNTOWN MRT STATION (DT17)/PROMENADE MRT STATION (DT15)/RAFFLES PLACE MRT STATION (EW14 / NS26)/TELOK AYER MRT STATION (DT18)/PRINCE EDWARD ROAD MRT STATION (CC32)/TANJONG PAGAR MRT STATION (EW15)/MARINA BAY MRT STATION/RAFFLES PLACE MRT STATION/GARDENS BY THE BAY MRT STATION (TE22)/MARINA SOUTH MRT STATION (TE21)/MAXWELL MRT STATION (TE18)/PROMENADE MRT STATION (CC4)/CITY HALL MRT STATION (EW13 / NS25)/BRAS BASAH MRT STATION (CC2)/ESPLANADE MRT STATION (CC3)/CITY HALL MRT STATION/BENCOOLEN MRT STATION (DT21)/BUGIS MRT STATION (DT14)/MARINA BAY MRT STATION (TE20)"
"49","DT17","Downtown","Downtown Line","DTL",17,"downtown",0,0,87.368606292311,4.2642435990175,0.243443440139525,"SHENTON WAY MRT STATION (TE19)/RAFFLES PLACE MRT STATION (EW14 / NS26)/TELOK AYER MRT STATION (DT18)/CANTONMENT MRT STATION (CC31)/MAXWELL MRT STATION (TE18)/PRINCE EDWARD ROAD MRT STATION (CC32)/TANJONG PAGAR MRT STATION (EW15)/CITY HALL MRT STATION (EW13 / NS25)/BRAS BASAH MRT STATION (CC2)/ESPLANADE MRT STATION (CC3)/RAFFLES PLACE MRT STATION/CITY HALL MRT STATION/BUGIS MRT STATION (DT14)/BUGIS MRT STATION (EW12)/BUGIS MRT STATION/PROMENADE MRT STATION (CC4)/BENCOOLEN MRT STATION (DT21)/PROMENADE MRT STATION (DT15)/CHINATOWN MRT STATION (DT19)/CHINATOWN MRT STATION (NE4)/CLARKE QUAY MRT STATION (NE5)/CHINATOWN MRT STATION/CLARKE QUAY MRT STATION/OUTRAM PARK MRT STATION (NE3)/OUTRAM PARK MRT STATION (EW16)/OUTRAM PARK MRT STATION (TE17)/OUTRAM PARK MRT STATION/MARINA BAY MRT STATION (CE2)/MARINA BAY MRT STATION (NS27)/BAYFRONT MRT STATION (DT16 / CE1)/MARINA BAY MRT STATION/MARINA BAY MRT STATION (TE20)/MARINA SOUTH MRT STATION (TE21)/GARDENS BY THE BAY MRT STATION (TE22)/MARINA SOUTH PIER MRT STATION (NS28)"
"50","DT18","Telok Ayer","Downtown Line","DTL",18,"telokayer",0,0,116.815416898144,5.38596330778418,0.324887092493828,"SHENTON WAY MRT STATION (TE19)/DOWNTOWN MRT STATION (DT17)/RAFFLES PLACE MRT STATION (EW14 / NS26)/CANTONMENT MRT STATION (CC31)/MAXWELL MRT STATION (TE18)/PRINCE EDWARD ROAD MRT STATION (CC32)/TANJONG PAGAR MRT STATION (EW15)/CITY HALL MRT STATION (EW13 / NS25)/BRAS BASAH MRT STATION (CC2)/ESPLANADE MRT STATION (CC3)/RAFFLES PLACE MRT STATION/CITY HALL MRT STATION/BUGIS MRT STATION (DT14)/BUGIS MRT STATION (EW12)/BUGIS MRT STATION/PROMENADE MRT STATION (CC4)/BENCOOLEN MRT STATION (DT21)/PROMENADE MRT STATION (DT15)/CHINATOWN MRT STATION (DT19)/CHINATOWN MRT STATION (NE4)/CLARKE QUAY MRT STATION (NE5)/HAVELOCK MRT STATION (TE16)/GREAT WORLD MRT STATION (TE15)/CHINATOWN MRT STATION/CLARKE QUAY MRT STATION/OUTRAM PARK MRT STATION (NE3)/OUTRAM PARK MRT STATION (EW16)/OUTRAM PARK MRT STATION (TE17)/OUTRAM PARK MRT STATION/MARINA BAY MRT STATION (CE2)/MARINA BAY MRT STATION (NS27)/BAYFRONT MRT STATION (DT16 / CE1)/MARINA BAY MRT STATION/MARINA BAY MRT STATION (TE20)/MARINA SOUTH MRT STATION (TE21)/GARDENS BY THE BAY MRT STATION (TE22)/DHOBY GHAUT MRT STATION (NS24)/DHOBY GHAUT MRT STATION (CC1)"
"51","DT19","Chinatown","Downtown Line","DTL",19,"chinatown",1,1,273.993273441805,3.50655789731998,0.747555305079175,"CHINATOWN MRT STATION (DT19)/CANTONMENT MRT STATION (CC31)/CHINATOWN MRT STATION (NE4)/CLARKE QUAY MRT STATION (NE5)/KEPPEL MRT STATION (CC30)/MAXWELL MRT STATION (TE18)/OUTRAM PARK MRT STATION (NE3)/OUTRAM PARK MRT STATION (EW16)/OUTRAM PARK MRT STATION (TE17)/CITY HALL MRT STATION (EW13 / NS25)/BRAS BASAH MRT STATION (CC2)/FORT CANNING MRT STATION (DT20)/CLARKE QUAY MRT STATION/OUTRAM PARK MRT STATION/CITY HALL MRT STATION/DHOBY GHAUT MRT STATION (NS24)/DHOBY GHAUT MRT STATION (CC1)/DHOBY GHAUT MRT STATION (NE6)/HAVELOCK MRT STATION (TE16)/TIONG BAHRU MRT STATION (EW17)/BENCOOLEN MRT STATION (DT21)/ESPLANADE MRT STATION (CC3)/TIONG BAHRU MRT STATION/SHENTON WAY MRT STATION (TE19)/DOWNTOWN MRT STATION (DT17)/RAFFLES PLACE MRT STATION (EW14 / NS26)/TELOK AYER MRT STATION (DT18)/GREAT WORLD MRT STATION (TE15)/RAFFLES PLACE MRT STATION/BUGIS MRT STATION (DT14)/BUGIS MRT STATION (EW12)/BUGIS MRT STATION/PRINCE EDWARD ROAD MRT STATION (CC32)/TANJONG PAGAR MRT STATION (EW15)/SOMERSET MRT STATION/ROCHOR MRT STATION (DT13)/JALAN BESAR MRT STATION (DT22)/SOMERSET MRT STATION (NS23)"
"52","DT20","Fort Canning","Downtown Line","DTL",20,"fortcanning",0,0,99.9231414251732,0.860201265223111,0.270700093360771,"PROMENADE MRT STATION (DT15)/CLARKE QUAY MRT STATION (NE5)/CITY HALL MRT STATION (EW13 / NS25)/ESPLANADE MRT STATION (CC3)/GREAT WORLD MRT STATION (TE15)/SOMERSET MRT STATION/CLARKE QUAY MRT STATION/CITY HALL MRT STATION/BRAS BASAH MRT STATION (CC2)/BUGIS MRT STATION (DT14)/BUGIS MRT STATION (EW12)/BUGIS MRT STATION/CHINATOWN MRT STATION (DT19)/CHINATOWN MRT STATION (NE4)/MAXWELL MRT STATION (TE18)/OUTRAM PARK MRT STATION (NE3)/OUTRAM PARK MRT STATION (EW16)/OUTRAM PARK MRT STATION (TE17)/CHINATOWN MRT STATION/OUTRAM PARK MRT STATION/SOMERSET MRT STATION (NS23)/PROMENADE MRT STATION (CC4)/ROCHOR MRT STATION (DT13)/BENCOOLEN MRT STATION (DT21)/JALAN BESAR MRT STATION (DT22)/CANTONMENT MRT STATION (CC31)/DHOBY GHAUT MRT STATION (NS24)/DHOBY GHAUT MRT STATION (CC1)/DHOBY GHAUT MRT STATION (NE6)/TANJONG PAGAR MRT STATION (EW15)/LITTLE INDIA MRT STATION (DT12)/LITTLE INDIA MRT STATION (NE7)/LITTLE INDIA MRT STATION/HAVELOCK MRT STATION (TE16)/ORCHARD MRT STATION (NS22)/ORCHARD MRT STATION (TE14)/TIONG BAHRU MRT STATION (EW17)/TIONG BAHRU MRT STATION"
"53","DT21","Bencoolen","Downtown Line","DTL",21,"bencoolen",0,0,144.307180756939,3.96035955198944,0.396167631847592,"CHINATOWN MRT STATION (DT19)/CHINATOWN MRT STATION (NE4)/CLARKE QUAY MRT STATION (NE5)/MAXWELL MRT STATION (TE18)/ROCHOR MRT STATION (DT13)/CITY HALL MRT STATION (EW13 / NS25)/BRAS BASAH MRT STATION (CC2)/BUGIS MRT STATION (DT14)/BUGIS MRT STATION (EW12)/ESPLANADE MRT STATION (CC3)/FORT CANNING MRT STATION (DT20)/JALAN BESAR MRT STATION (DT22)/LAVENDER MRT STATION (EW11)/CHINATOWN MRT STATION/CLARKE QUAY MRT STATION/BUGIS MRT STATION/CITY HALL MRT STATION/LAVENDER MRT STATION/SOMERSET MRT STATION (NS23)/BENDEMEER MRT STATION (DT23)/DHOBY GHAUT MRT STATION (NS24)/DHOBY GHAUT MRT STATION (CC1)/DHOBY GHAUT MRT STATION (NE6)/SOMERSET MRT STATION/RAFFLES PLACE MRT STATION (EW14 / NS26)/FARRER PARK MRT STATION (NE8)/RAFFLES PLACE MRT STATION/FARRER PARK MRT STATION/PROMENADE MRT STATION (DT15)/LITTLE INDIA MRT STATION (DT12)/LITTLE INDIA MRT STATION (NE7)/LITTLE INDIA MRT STATION/OUTRAM PARK MRT STATION (NE3)/OUTRAM PARK MRT STATION (EW16)/OUTRAM PARK MRT STATION (TE17)/OUTRAM PARK MRT STATION/PROMENADE MRT STATION (CC4)/TELOK AYER MRT STATION (DT18)/SHENTON WAY MRT STATION (TE19)/DOWNTOWN MRT STATION (DT17)/BAYFRONT MRT STATION (DT16 / CE1)/NICOLL HIGHWAY MRT STATION (CC5)/BOON KENG MRT STATION (NE9)/BOON KENG MRT STATION/NOVENA MRT STATION (NS20)/ORCHARD MRT STATION (NS22)/ORCHARD MRT STATION (TE14)"
"54","DT22","Jalan Besar","Downtown Line","DTL",22,"jalanbesar",0,0,100.734403440366,2.69848075008606,0.276419878408858,"CHINATOWN MRT STATION (DT19)/KALLANG MRT STATION (EW10)/CHINATOWN MRT STATION (NE4)/CLARKE QUAY MRT STATION (NE5)/CITY HALL MRT STATION (EW13 / NS25)/BENCOOLEN MRT STATION (DT21)/BRAS BASAH MRT STATION (CC2)/BUGIS MRT STATION (DT14)/BUGIS MRT STATION (EW12)/ESPLANADE MRT STATION (CC3)/LAVENDER MRT STATION (EW11)/CHINATOWN MRT STATION/CLARKE QUAY MRT STATION/BUGIS MRT STATION/CITY HALL MRT STATION/LAVENDER MRT STATION/BENDEMEER MRT STATION (DT23)/ROCHOR MRT STATION (DT13)/PROMENADE MRT STATION (CC4)/PROMENADE MRT STATION (DT15)/LITTLE INDIA MRT STATION (DT12)/LITTLE INDIA MRT STATION (NE7)/LITTLE INDIA MRT STATION/FARRER PARK MRT STATION (NE8)/FARRER PARK MRT STATION/FORT CANNING MRT STATION (DT20)/DHOBY GHAUT MRT STATION (NS24)/DHOBY GHAUT MRT STATION (CC1)/DHOBY GHAUT MRT STATION (NE6)/BOON KENG MRT STATION (NE9)/BOON KENG MRT STATION/SOMERSET MRT STATION (NS23)/SOMERSET MRT STATION/NEWTON MRT STATION (DT11)/NEWTON MRT STATION (NS21)/NEWTON MRT STATION/NOVENA MRT STATION (NS20)/NICOLL HIGHWAY MRT STATION (CC5)"
"55","DT23","Bendemeer","Downtown Line","DTL",23,"bendemeer",0,0,68.013333855181,1.42138568093116,0.185861373275558,"JALAN BESAR MRT STATION (DT22)/LAVENDER MRT STATION (EW11)/LAVENDER MRT STATION/KALLANG MRT STATION (EW10)/FARRER PARK MRT STATION (NE8)/BOON KENG MRT STATION (NE9)/FARRER PARK MRT STATION/ROCHOR MRT STATION (DT13)/LITTLE INDIA MRT STATION (DT12)/LITTLE INDIA MRT STATION (NE7)/LITTLE INDIA MRT STATION/BOON KENG MRT STATION/BUGIS MRT STATION (DT14)/BUGIS MRT STATION (EW12)/BUGIS MRT STATION/BENCOOLEN MRT STATION (DT21)/BRAS BASAH MRT STATION (CC2)/DHOBY GHAUT MRT STATION (NS24)/DHOBY GHAUT MRT STATION (CC1)/ESPLANADE MRT STATION (CC3)/NICOLL HIGHWAY MRT STATION (CC5)/GEYLANG BAHRU MRT STATION (DT24)/CITY HALL MRT STATION (EW13 / NS25)/CITY HALL MRT STATION/ALJUNIED MRT STATION (EW9)/POTONG PASIR MRT STATION (NE10)/POTONG PASIR MRT STATION"
"56","DT24","Geylang Bahru","Downtown Line","DTL",24,"geylangbahru",0,0,17.3344909752828,NA,0.0466735796712488,"BENDEMEER MRT STATION (DT23)/LAVENDER MRT STATION (EW11)/LAVENDER MRT STATION/KALLANG MRT STATION (EW10)/POTONG PASIR MRT STATION (NE10)/POTONG PASIR MRT STATION/BOON KENG MRT STATION (NE9)/BOON KENG MRT STATION/WOODLEIGH MRT STATION (NE11)/WOODLEIGH MRT STATION"
"57","DT25","Mattar","Downtown Line","DTL",25,"mattar",0,0,25.0580204232797,NA,0.0674693888789337,"KALLANG MRT STATION (EW10)/ALJUNIED MRT STATION (EW9)/WOODLEIGH MRT STATION (NE11)/WOODLEIGH MRT STATION/POTONG PASIR MRT STATION (NE10)/POTONG PASIR MRT STATION/MACPHERSON MRT STATION (DT26)/PAYA LEBAR MRT STATION (CC9)/MACPHERSON MRT STATION (CC10)/PAYA LEBAR MRT STATION (EW8)/MACPHERSON MRT STATION/TAI SENG MRT STATION (CC11)/UBI MRT STATION (DT27)"
"58","DT26","MacPherson","Downtown Line","DTL",26,"macpherson",1,1,78.0866790841419,NA,0.213327641214258,"KAKI BUKIT MRT STATION (DT28)/UBI MRT STATION (DT27)/TAI SENG MRT STATION (CC11)/BARTLEY MRT STATION (CC12)/BARTLEY MRT STATION/MACPHERSON MRT STATION (DT26)/PAYA LEBAR MRT STATION (CC9)/MACPHERSON MRT STATION (CC10)/PAYA LEBAR MRT STATION (EW8)/MATTAR MRT STATION (DT25)/ALJUNIED MRT STATION (EW9)/DAKOTA MRT STATION (CC8)/DAKOTA MRT STATION/EUNOS MRT STATION (EW7)"
"59","DT27","Ubi","Downtown Line","DTL",27,"ubi",0,0,21.4839925899566,NA,0.0578462235339734,"KAKI BUKIT MRT STATION (DT28)/TAI SENG MRT STATION (CC11)/MACPHERSON MRT STATION/EUNOS MRT STATION (EW7)/KIM CHUAN UNDERGROUND MRT DEPOT/BEDOK NORTH MRT STATION (DT29)/MACPHERSON MRT STATION (DT26)/MACPHERSON MRT STATION (CC10)/PAYA LEBAR MRT STATION (CC9)/PAYA LEBAR MRT STATION (EW8)/MATTAR MRT STATION (DT25)"
"60","DT28","Kaki Bukit","Downtown Line","DTL",28,"kakibukit",0,0,9.43699774259019,NA,0.0254093683295475,"BEDOK NORTH MRT STATION (DT29)/UBI MRT STATION (DT27)/EUNOS MRT STATION (EW7)/MACPHERSON MRT STATION/KIM CHUAN UNDERGROUND MRT DEPOT"
"61","DT29","Bedok North","Downtown Line","DTL",29,"bedoknorth",0,0,8.87738195465477,NA,0.0239025878823607,"KAKI BUKIT MRT STATION (DT28)/BEDOK RESERVOIR MRT STATION (DT30)/UBI MRT STATION (DT27)/BEDOK MRT STATION (EW5)"
"62","DT30","Bedok Reservoir","Downtown Line","DTL",30,"bedokreservoir",0,0,11.3648893861428,NA,0.0306002680422182,"TAMPINES WEST MRT STATION (DT31)/BEDOK MRT STATION (EW5)/BEDOK NORTH MRT STATION (DT29)/TAMPINES MRT STATION (DT32)/TAMPINES MRT STATION (EW2)/TANAH MERAH MRT STATION (EW4)"
"63","DT31","Tampines West","Downtown Line","DTL",31,"tampineswest",0,0,12.0299677253466,NA,0.0323910092238722,"TAMPINES MRT STATION (DT32)/TAMPINES MRT STATION (EW2)/BEDOK RESERVOIR MRT STATION (DT30)/TAMPINES EAST MRT STATION (DT33)/SIMEI MRT STATION (EW3)"
"64","DT32","Tampines","Downtown Line","DTL",32,"tampines",1,1,20.2025778596571,NA,0.0574731535311817,"TAMPINES MRT STATION (EW2)/TAMPINES WEST MRT STATION (DT31)/TAMPINES EAST MRT STATION (DT33)/BEDOK RESERVOIR MRT STATION (DT30)/PASIR RIS MRT STATION (EW1)"
"65","DT33","Tampines East","Downtown Line","DTL",33,"tampineseast",0,0,16.0106529690962,NA,0.0431091105015637,"PASIR RIS EAST MRT STATION (CR4)/SIMEI MRT STATION (EW3)/UPPER CHANGI MRT STATION (DT34)/TAMPINES MRT STATION (DT32)/TAMPINES MRT STATION (EW2)/EXPO MRT STATION (DT35)/EXPO MRT STATION (CG1)/TAMPINES WEST MRT STATION (DT31)"
"66","DT34","Upper Changi","Downtown Line","DTL",34,"upperchangi",0,0,10.6691414238828,NA,0.028726948081802,"EXPO MRT STATION (DT35)/EXPO MRT STATION (CG1)/TAMPINES EAST MRT STATION (DT33)/SIMEI MRT STATION (EW3)/TANAH MERAH MRT STATION (EW4)/XILIN MRT STATION (DT36)"
"67","DT35","Expo","Downtown Line","DTL",35,"expo",1,1,16.4261684130578,NA,0.0473050702901776,"EXPO MRT STATION (DT35)/TAMPINES EAST MRT STATION (DT33)/SIMEI MRT STATION (EW3)/UPPER CHANGI MRT STATION (DT34)/TANAH MERAH MRT STATION (EW4)/XILIN MRT STATION (DT36)"
"68","EW1","Pasir Ris","East West Line","EWL",1,"pasirris",0,0,7.39018142822643,NA,0.019898260766188,"PASIR RIS EAST MRT STATION (CR4)/TAMPINES MRT STATION (DT32)/TAMPINES MRT STATION (EW2)"
"69","EW2","Tampines","East West Line","EWL",2,"tampines",1,1,20.2025778596571,NA,0.0574731535311817,"TAMPINES MRT STATION (EW2)/TAMPINES WEST MRT STATION (DT31)/TAMPINES EAST MRT STATION (DT33)/BEDOK RESERVOIR MRT STATION (DT30)/PASIR RIS MRT STATION (EW1)"
"70","EW3","Simei","East West Line","EWL",3,"simei",0,0,10.1345992734995,NA,0.0272876790730304,"UPPER CHANGI MRT STATION (DT34)/TAMPINES EAST MRT STATION (DT33)/EXPO MRT STATION (DT35)/EXPO MRT STATION (CG1)/TAMPINES WEST MRT STATION (DT31)/TANAH MERAH MRT STATION (EW4)"
"71","EW4","Tanah Merah","East West Line","EWL",4,"tanahmerah",0,0,17.5358305379125,NA,0.0472156918181109,"SUNGEI BEDOK MRT STATION (TE31 / DT37)/BEDOK MRT STATION (EW5)/BEDOK SOUTH MRT STATION (TE30)/BEDOK RESERVOIR MRT STATION (DT30)/BAYSHORE MRT STATION (TE29)/EXPO MRT STATION (CG1)/SIMEI MRT STATION (EW3)/EXPO MRT STATION (DT35)/UPPER CHANGI MRT STATION (DT34)/XILIN MRT STATION (DT36)"
"72","EW5","Bedok","East West Line","EWL",5,"bedok",0,0,13.2366915630444,NA,0.0356401453687001,"BEDOK RESERVOIR MRT STATION (DT30)/KEMBANGAN MRT STATION (EW6)/BEDOK NORTH MRT STATION (DT29)/TANAH MERAH MRT STATION (EW4)/SIGLAP MRT STATION (TE28)/BAYSHORE MRT STATION (TE29)"
"73","EW6","Kembangan","East West Line","EWL",6,"kembangan",0,0,10.7407350770698,NA,0.0289197159041018,"PAYA LEBAR MRT STATION (CC9)/PAYA LEBAR MRT STATION (EW8)/EUNOS MRT STATION (EW7)/BEDOK MRT STATION (EW5)/MARINE TERRACE MRT STATION (TE27)"
"74","EW7","Eunos","East West Line","EWL",7,"eunos",0,0,28.2180557481249,NA,0.0759778683438589,"PAYA LEBAR MRT STATION (CC9)/PAYA LEBAR MRT STATION (EW8)/ALJUNIED MRT STATION (EW9)/KEMBANGAN MRT STATION (EW6)/UBI MRT STATION (DT27)/MACPHERSON MRT STATION (DT26)/MACPHERSON MRT STATION (CC10)/MACPHERSON MRT STATION/DAKOTA MRT STATION (CC8)/DAKOTA MRT STATION/MARINE TERRACE MRT STATION (TE27)/KAKI BUKIT MRT STATION (DT28)/MARINE PARADE MRT STATION (TE26)"
"75","EW8","Paya Lebar","East West Line","EWL",8,"payalebar",1,1,67.9110372450372,NA,0.185929453937761,"KALLANG MRT STATION (EW10)/ALJUNIED MRT STATION (EW9)/PAYA LEBAR MRT STATION (EW8)/EUNOS MRT STATION (EW7)/MACPHERSON MRT STATION (DT26)/MACPHERSON MRT STATION (CC10)/MACPHERSON MRT STATION/MATTAR MRT STATION (DT25)/UBI MRT STATION (DT27)/TAI SENG MRT STATION (CC11)/DAKOTA MRT STATION (CC8)/DAKOTA MRT STATION/MOUNTBATTEN MRT STATION (CC7)/MOUNTBATTEN MRT STATION/KEMBANGAN MRT STATION (EW6)/TANJONG KATONG MRT STATION (TE25)"
"76","EW9","Aljunied","East West Line","EWL",9,"aljunied",0,0,29.4056189291517,NA,0.0791754139091327,"KALLANG MRT STATION (EW10)/MATTAR MRT STATION (DT25)/PAYA LEBAR MRT STATION (CC9)/PAYA LEBAR MRT STATION (EW8)/MOUNTBATTEN MRT STATION (CC7)/MOUNTBATTEN MRT STATION/BENDEMEER MRT STATION (DT23)/MACPHERSON MRT STATION (DT26)/MACPHERSON MRT STATION (CC10)/MACPHERSON MRT STATION/EUNOS MRT STATION (EW7)/POTONG PASIR MRT STATION (NE10)/POTONG PASIR MRT STATION/TAI SENG MRT STATION (CC11)"
"77","EW10","Kallang","East West Line","EWL",10,"kallang",0,0,53.7591065606156,NA,0.144747829439573,"MOUNTBATTEN MRT STATION (CC7)/MOUNTBATTEN MRT STATION/GEYLANG BAHRU MRT STATION (DT24)/BENDEMEER MRT STATION (DT23)/LAVENDER MRT STATION (EW11)/LAVENDER MRT STATION/NICOLL HIGHWAY MRT STATION (CC5)/BOON KENG MRT STATION (NE9)/BOON KENG MRT STATION/BUGIS MRT STATION (DT14)/ALJUNIED MRT STATION (EW9)/ROCHOR MRT STATION (DT13)/BUGIS MRT STATION (EW12)/JALAN BESAR MRT STATION (DT22)/BUGIS MRT STATION/FARRER PARK MRT STATION (NE8)/FARRER PARK MRT STATION/DAKOTA MRT STATION (CC8)/MATTAR MRT STATION (DT25)/PAYA LEBAR MRT STATION (CC9)/PAYA LEBAR MRT STATION (EW8)/DAKOTA MRT STATION/STADIUM MRT STATION (CC6)/KATONG PARK MRT STATION (TE24)"
"78","EW11","Lavender","East West Line","EWL",11,"lavender",0,0,109.097424194382,0.728238500371215,0.295148299421014,"NICOLL HIGHWAY MRT STATION (CC5)/BENDEMEER MRT STATION (DT23)/CITY HALL MRT STATION (EW13 / NS25)/BUGIS MRT STATION (DT14)/BUGIS MRT STATION (EW12)/ESPLANADE MRT STATION (CC3)/LAVENDER MRT STATION (EW11)/BUGIS MRT STATION/CITY HALL MRT STATION/PROMENADE MRT STATION (CC4)/PROMENADE MRT STATION (DT15)/KALLANG MRT STATION (EW10)/ROCHOR MRT STATION (DT13)/BENCOOLEN MRT STATION (DT21)/BRAS BASAH MRT STATION (CC2)/JALAN BESAR MRT STATION (DT22)/BOON KENG MRT STATION (NE9)/BOON KENG MRT STATION/DHOBY GHAUT MRT STATION (NS24)/DHOBY GHAUT MRT STATION (CC1)/DHOBY GHAUT MRT STATION (NE6)/GEYLANG BAHRU MRT STATION (DT24)/FARRER PARK MRT STATION (NE8)/FARRER PARK MRT STATION/LITTLE INDIA MRT STATION (NE7)/LITTLE INDIA MRT STATION"
"79","EW12","Bugis","East West Line","EWL",12,"bugis",1,1,368.445376573302,2.53417769879478,1,"RAFFLES PLACE MRT STATION (EW14 / NS26)/ROCHOR MRT STATION (DT13)/CITY HALL MRT STATION (EW13 / NS25)/BENCOOLEN MRT STATION (DT21)/BRAS BASAH MRT STATION (CC2)/BUGIS MRT STATION (DT14)/BUGIS MRT STATION (EW12)/ESPLANADE MRT STATION (CC3)/FARRER PARK MRT STATION (NE8)/JALAN BESAR MRT STATION (DT22)/LAVENDER MRT STATION (EW11)/RAFFLES PLACE MRT STATION/CITY HALL MRT STATION/FARRER PARK MRT STATION/LAVENDER MRT STATION/PROMENADE MRT STATION (DT15)/BENDEMEER MRT STATION (DT23)/CHINATOWN MRT STATION (DT19)/CHINATOWN MRT STATION (NE4)/CLARKE QUAY MRT STATION (NE5)/FORT CANNING MRT STATION (DT20)/CHINATOWN MRT STATION/CLARKE QUAY MRT STATION/MAXWELL MRT STATION (TE18)/LITTLE INDIA MRT STATION (DT12)/LITTLE INDIA MRT STATION (NE7)/LITTLE INDIA MRT STATION/OUTRAM PARK MRT STATION (NE3)/OUTRAM PARK MRT STATION (EW16)/OUTRAM PARK MRT STATION (TE17)/OUTRAM PARK MRT STATION/PROMENADE MRT STATION (CC4)/TELOK AYER MRT STATION (DT18)/SOMERSET MRT STATION (NS23)/DHOBY GHAUT MRT STATION (NS24)/DHOBY GHAUT MRT STATION (CC1)/DHOBY GHAUT MRT STATION (NE6)/SOMERSET MRT STATION/KALLANG MRT STATION (EW10)/NICOLL HIGHWAY MRT STATION (CC5)/BOON KENG MRT STATION (NE9)/SHENTON WAY MRT STATION (TE19)/DOWNTOWN MRT STATION (DT17)/BOON KENG MRT STATION/NEWTON MRT STATION (DT11)/NEWTON MRT STATION (NS21)/NEWTON MRT STATION/NOVENA MRT STATION (NS20)"
"80","EW13","City Hall","East West Line","EWL",13,"cityhall",1,1,285.531354045334,2.78966153654837,0.777243136105925,"CHINATOWN MRT STATION (DT19)/CHINATOWN MRT STATION (NE4)/CLARKE QUAY MRT STATION (NE5)/MAXWELL MRT STATION (TE18)/ROCHOR MRT STATION (DT13)/CITY HALL MRT STATION (EW13 / NS25)/BENCOOLEN MRT STATION (DT21)/BRAS BASAH MRT STATION (CC2)/BUGIS MRT STATION (DT14)/BUGIS MRT STATION (EW12)/ESPLANADE MRT STATION (CC3)/FORT CANNING MRT STATION (DT20)/JALAN BESAR MRT STATION (DT22)/LAVENDER MRT STATION (EW11)/CHINATOWN MRT STATION/CLARKE QUAY MRT STATION/BUGIS MRT STATION/LAVENDER MRT STATION/SOMERSET MRT STATION (NS23)/BENDEMEER MRT STATION (DT23)/DHOBY GHAUT MRT STATION (NS24)/DHOBY GHAUT MRT STATION (CC1)/DHOBY GHAUT MRT STATION (NE6)/SOMERSET MRT STATION/OUTRAM PARK MRT STATION (NE3)/OUTRAM PARK MRT STATION (EW16)/OUTRAM PARK MRT STATION (TE17)/OUTRAM PARK MRT STATION/RAFFLES PLACE MRT STATION (EW14 / NS26)/RAFFLES PLACE MRT STATION/PROMENADE MRT STATION (CC4)/PROMENADE MRT STATION (DT15)/LITTLE INDIA MRT STATION (DT12)/LITTLE INDIA MRT STATION (NE7)/LITTLE INDIA MRT STATION/TELOK AYER MRT STATION (DT18)/SHENTON WAY MRT STATION (TE19)/DOWNTOWN MRT STATION (DT17)/NICOLL HIGHWAY MRT STATION (CC5)/TANJONG PAGAR MRT STATION (EW15)/PRINCE EDWARD ROAD MRT STATION (CC32)/GREAT WORLD MRT STATION (TE15)/BAYFRONT MRT STATION (DT16 / CE1)/FARRER PARK MRT STATION (NE8)/HAVELOCK MRT STATION (TE16)/FARRER PARK MRT STATION"
"81","EW14","Raffles Place","East West Line","EWL",14,"rafflesplace",1,1,206.835267832941,2.66549058668341,0.565113013583501,"SHENTON WAY MRT STATION (TE19)/DOWNTOWN MRT STATION (DT17)/PROMENADE MRT STATION (CC4)/NICOLL HIGHWAY MRT STATION (CC5)/RAFFLES PLACE MRT STATION (EW14 / NS26)/TELOK AYER MRT STATION (DT18)/PRINCE EDWARD ROAD MRT STATION (CC32)/TANJONG PAGAR MRT STATION (EW15)/CITY HALL MRT STATION (EW13 / NS25)/BUGIS MRT STATION (DT14)/ESPLANADE MRT STATION (CC3)/BUGIS MRT STATION/CITY HALL MRT STATION/BUGIS MRT STATION (EW12)/BENCOOLEN MRT STATION (DT21)/BRAS BASAH MRT STATION (CC2)/MAXWELL MRT STATION (TE18)/DHOBY GHAUT MRT STATION (NS24)/DHOBY GHAUT MRT STATION (CC1)/DHOBY GHAUT MRT STATION (NE6)/PROMENADE MRT STATION (DT15)/CANTONMENT MRT STATION (CC31)/CHINATOWN MRT STATION (DT19)/CHINATOWN MRT STATION (NE4)/CLARKE QUAY MRT STATION (NE5)/HAVELOCK MRT STATION (TE16)/GREAT WORLD MRT STATION (TE15)/CHINATOWN MRT STATION/CLARKE QUAY MRT STATION/OUTRAM PARK MRT STATION (NE3)/OUTRAM PARK MRT STATION (EW16)/OUTRAM PARK MRT STATION (TE17)/OUTRAM PARK MRT STATION/MARINA BAY MRT STATION (CE2)/MARINA BAY MRT STATION (NS27)/BAYFRONT MRT STATION (DT16 / CE1)/MARINA BAY MRT STATION/GARDENS BY THE BAY MRT STATION (TE22)/MARINA SOUTH MRT STATION (TE21)"
"82","EW15","Tanjong Pagar","East West Line","EWL",15,"tanjongpagar",0,0,85.114559123873,1.72722094809048,0.232495071391302,"SHENTON WAY MRT STATION (TE19)/DOWNTOWN MRT STATION (DT17)/RAFFLES PLACE MRT STATION (EW14 / NS26)/TELOK AYER MRT STATION (DT18)/CANTONMENT MRT STATION (CC31)/PRINCE EDWARD ROAD MRT STATION (CC32)/CITY HALL MRT STATION (EW13 / NS25)/ESPLANADE MRT STATION (CC3)/RAFFLES PLACE MRT STATION/CITY HALL MRT STATION/MARINA BAY MRT STATION (CE2)/MARINA BAY MRT STATION (NS27)/BAYFRONT MRT STATION (DT16 / CE1)/MARINA BAY MRT STATION/MARINA BAY MRT STATION (TE20)/OUTRAM PARK MRT STATION (NE3)/OUTRAM PARK MRT STATION/CHINATOWN MRT STATION (DT19)/CHINATOWN MRT STATION (NE4)/CLARKE QUAY MRT STATION (NE5)/CHINATOWN MRT STATION/CLARKE QUAY MRT STATION/MARINA SOUTH MRT STATION (TE21)/MAXWELL MRT STATION (TE18)/OUTRAM PARK MRT STATION (EW16)/OUTRAM PARK MRT STATION (TE17)/KEPPEL MRT STATION (CC30)/HAVELOCK MRT STATION (TE16)/BRAS BASAH MRT STATION (CC2)/FORT CANNING MRT STATION (DT20)"
"83","EW16","Outram Park","East West Line","EWL",16,"outrampark",1,2,309.843656057074,1.42138568093116,0.84315031785894,"CHINATOWN MRT STATION (DT19)/CANTONMENT MRT STATION (CC31)/CHINATOWN MRT STATION (NE4)/CLARKE QUAY MRT STATION (NE5)/KEPPEL MRT STATION (CC30)/MAXWELL MRT STATION (TE18)/OUTRAM PARK MRT STATION (NE3)/OUTRAM PARK MRT STATION (EW16)/OUTRAM PARK MRT STATION (TE17)/CITY HALL MRT STATION (EW13 / NS25)/BRAS BASAH MRT STATION (CC2)/FORT CANNING MRT STATION (DT20)/CHINATOWN MRT STATION/CLARKE QUAY MRT STATION/CITY HALL MRT STATION/DHOBY GHAUT MRT STATION (NS24)/DHOBY GHAUT MRT STATION (CC1)/DHOBY GHAUT MRT STATION (NE6)/HAVELOCK MRT STATION (TE16)/TIONG BAHRU MRT STATION (EW17)/BENCOOLEN MRT STATION (DT21)/ESPLANADE MRT STATION (CC3)/TIONG BAHRU MRT STATION/SHENTON WAY MRT STATION (TE19)/DOWNTOWN MRT STATION (DT17)/RAFFLES PLACE MRT STATION (EW14 / NS26)/TELOK AYER MRT STATION (DT18)/GREAT WORLD MRT STATION (TE15)/RAFFLES PLACE MRT STATION/PRINCE EDWARD ROAD MRT STATION (CC32)/TANJONG PAGAR MRT STATION (EW15)/BUGIS MRT STATION (EW12)/BUGIS MRT STATION"
"84","EW17","Tiong Bahru","East West Line","EWL",17,"tiongbahru",0,0,76.1921406817254,NA,0.205149372629529,"HAVELOCK MRT STATION (TE16)/TIONG BAHRU MRT STATION (EW17)/GREAT WORLD MRT STATION (TE15)/OUTRAM PARK MRT STATION (NE3)/OUTRAM PARK MRT STATION (EW16)/OUTRAM PARK MRT STATION (TE17)/REDHILL MRT STATION (EW18)/OUTRAM PARK MRT STATION/CHINATOWN MRT STATION (NE4)/MAXWELL MRT STATION (TE18)/CHINATOWN MRT STATION/QUEENSTOWN MRT STATION (EW19)/CHINATOWN MRT STATION (DT19)/CLARKE QUAY MRT STATION/FORT CANNING MRT STATION (DT20)/CANTONMENT MRT STATION (CC31)/ORCHARD MRT STATION (NS22)/ORCHARD MRT STATION (TE14)/SOMERSET MRT STATION"
"85","EW18","Redhill","East West Line","EWL",18,"redhill",0,0,13.7264170147703,NA,0.0369587442200168,"QUEENSTOWN MRT STATION (EW19)/TIONG BAHRU MRT STATION (EW17)/TIONG BAHRU MRT STATION/NAPIER MRT STATION (TE12)/ORCHARD BOULEVARD MRT STATION (TE13)/HAVELOCK MRT STATION (TE16)/GREAT WORLD MRT STATION (TE15)"
"86","EW19","Queenstown","East West Line","EWL",19,"queenstown",0,0,14.4115960256811,NA,0.0388036069968016,"BUONA VISTA MRT STATION (CC22)/COMMONWEALTH MRT STATION (EW20)/REDHILL MRT STATION (EW18)/BUONA VISTA MRT STATION (EW21)/BUONA VISTA MRT STATION/TIONG BAHRU MRT STATION (EW17)/TIONG BAHRU MRT STATION"
"87","EW20","Commonwealth","East West Line","EWL",20,"commonwealth",0,0,15.7188471794605,NA,0.0423234156236171,"BUONA VISTA MRT STATION (EW21)/BUONA VISTA MRT STATION (CC22)/BUONA VISTA MRT STATION/FARRER ROAD MRT STATION (CC20)/QUEENSTOWN MRT STATION (EW19)/ONE-NORTH MRT STATION (CC23)/HOLLAND VILLAGE MRT STATION (CC21)/DOVER MRT STATION (EW22)/KENT RIDGE MRT STATION (CC24)"
"88","EW21","Buona Vista","East West Line","EWL",21,"buonavista",1,1,38.591555046757,NA,0.106985965475801,"BUONA VISTA MRT STATION (EW21)/BUONA VISTA MRT STATION (CC22)/COMMONWEALTH MRT STATION (EW20)/DOVER MRT STATION (EW22)/QUEENSTOWN MRT STATION (EW19)/ONE-NORTH MRT STATION (CC23)/KENT RIDGE MRT STATION (CC24)/HOLLAND VILLAGE MRT STATION (CC21)"
"89","EW22","Dover","East West Line","EWL",22,"dover",0,0,14.6217578262762,NA,0.039369473254883,"BUONA VISTA MRT STATION (EW21)/CLEMENTI MRT STATION (EW23)/BUONA VISTA MRT STATION (CC22)/COMMONWEALTH MRT STATION (EW20)/BUONA VISTA MRT STATION/ONE-NORTH MRT STATION (CC23)/KENT RIDGE MRT STATION (CC24)/HOLLAND VILLAGE MRT STATION (CC21)"
"90","EW23","Clementi","East West Line","EWL",23,"clementi",0,0,6.35610766069589,NA,0.0171139895439407,"DOVER MRT STATION (EW22)/JURONG TOWN HALL MRT STATION/PANDAN RESERVOIR MRT STATION"
"91","EW24","Jurong East","East West Line","EWL",24,"jurongeast",1,1,31.2621684105832,NA,0.0872513963100478,"JURONG EAST MRT STATION (JE5)/TOH GUAN MRT STATION/JURONG TOWN HALL MRT STATION/PANDAN RESERVOIR MRT STATION/CHINESE GARDEN MRT STATION (EW25)/BUKIT BATOK WEST MRT STATION/BUKIT BATOK MRT STATION (NS2)"
"92","EW25","Chinese Garden","East West Line","EWL",25,"chinesegarden",0,0,19.4245822731279,NA,0.0523012062827977,"JURONG EAST MRT STATION (EW24 / NS1)/JURONG EAST MRT STATION (JE5)/BUKIT BATOK WEST MRT STATION/TENGAH PARK MRT STATION/JURONG TOWN HALL MRT STATION/TENGAH PLANTATION MRT STATION/TOH GUAN MRT STATION/LAKESIDE MRT STATION (EW26)/BUKIT BATOK MRT STATION (NS2)"
"93","EW26","Lakeside","East West Line","EWL",26,"lakeside",0,0,10.2115603146356,NA,0.0274948987306582,"JURONG WEST MRT STATION (JS6)/BOON LAY MRT STATION (JS8)/BOON LAY MRT STATION (EW27)/CHINESE GARDEN MRT STATION (EW25)/CORPORATION MRT STATION (JS5)/BUKIT BATOK WEST MRT STATION"
"94","EW27","Boon Lay","East West Line","EWL",27,"boonlay",0,0,38.0181283472172,NA,0.10236482541632,"BOON LAY MRT STATION (JS8)/ENTERPRISE MRT STATION/JURONG HILL MRT STATION/JURONG PIER MRT STATION/TUKANG MRT STATION/LAKESIDE MRT STATION (EW26)/JURONG WEST MRT STATION (JS6)/BAHAR JUNCTION MRT STATION (JS7)/CORPORATION MRT STATION (JS5)/PIONEER MRT STATION (EW28)/GEK POH MRT STATION"
"95","EW28","Pioneer","East West Line","EWL",28,"pioneer",0,0,16.6435869658212,NA,0.0448133021830449,"BAHAR JUNCTION MRT STATION (JS7)/BOON LAY MRT STATION (JS8)/BOON LAY MRT STATION (EW27)/ENTERPRISE MRT STATION/GEK POH MRT STATION/TAWAS MRT STATION/JOO KOON MRT STATION (EW29)/JURONG WEST MRT STATION (JS6)"
"96","EW29","Joo Koon","East West Line","EWL",29,"jookoon",0,0,2.07944154167984,NA,0.00559895185879346,"PIONEER MRT STATION (EW28)"
"97","EW30","Gul Circle","East West Line","EWL",30,"gulcircle",0,0,0.693147180559945,NA,0.00186631728626449,"TUAS CRESCENT MRT STATION (EW31)"
"98","EW31","Tuas Crescent","East West Line","EWL",31,"tuascrescent",0,0,1.79175946922805,NA,0.00482436019944137,"TUAS WEST ROAD MRT STATION (EW32)/GUL CIRCLE MRT STATION (EW30)"
"99","EW32","Tuas West Road","East West Line","EWL",32,"tuaswestroad",0,0,4.31748811353631,NA,0.0116249519950798,"TUAS LINK MRT STATION (EW33)/TUAS MRT DEPOT/TUAS CRESCENT MRT STATION (EW31)"
"100","EW33","Tuas Link","East West Line","EWL",33,"tuaslink",0,0,3.80666248977032,NA,0.0102495403673052,"TUAS MRT DEPOT/TUAS WEST ROAD MRT STATION (EW32)"
"101","NE1","HarbourFront","North East Line","NEL",1,"harbourfront",1,1,27.1647949512251,NA,0.0762191088969998,"HARBOURFRONT MRT STATION (NE1 / CC29)/TELOK BLANGAH MRT STATION (CC28)/LABRADOR PARK MRT STATION/LABRADOR PARK MRT STATION (CC27)/KEPPEL MRT STATION (CC30)/CANTONMENT MRT STATION (CC31)"
"102","NE3","Outram Park","North East Line","NEL",3,"outrampark",1,2,309.843656057074,1.42138568093116,0.84315031785894,"CHINATOWN MRT STATION (DT19)/CANTONMENT MRT STATION (CC31)/CHINATOWN MRT STATION (NE4)/CLARKE QUAY MRT STATION (NE5)/KEPPEL MRT STATION (CC30)/MAXWELL MRT STATION (TE18)/OUTRAM PARK MRT STATION (NE3)/OUTRAM PARK MRT STATION (EW16)/OUTRAM PARK MRT STATION (TE17)/CITY HALL MRT STATION (EW13 / NS25)/BRAS BASAH MRT STATION (CC2)/FORT CANNING MRT STATION (DT20)/CHINATOWN MRT STATION/CLARKE QUAY MRT STATION/CITY HALL MRT STATION/DHOBY GHAUT MRT STATION (NS24)/DHOBY GHAUT MRT STATION (CC1)/DHOBY GHAUT MRT STATION (NE6)/HAVELOCK MRT STATION (TE16)/TIONG BAHRU MRT STATION (EW17)/BENCOOLEN MRT STATION (DT21)/ESPLANADE MRT STATION (CC3)/TIONG BAHRU MRT STATION/SHENTON WAY MRT STATION (TE19)/DOWNTOWN MRT STATION (DT17)/RAFFLES PLACE MRT STATION (EW14 / NS26)/TELOK AYER MRT STATION (DT18)/GREAT WORLD MRT STATION (TE15)/RAFFLES PLACE MRT STATION/PRINCE EDWARD ROAD MRT STATION (CC32)/TANJONG PAGAR MRT STATION (EW15)/BUGIS MRT STATION (EW12)/BUGIS MRT STATION"
"103","NE4","Chinatown","North East Line","NEL",4,"chinatown",1,1,273.993273441805,3.50655789731998,0.747555305079175,"CHINATOWN MRT STATION (DT19)/CANTONMENT MRT STATION (CC31)/CHINATOWN MRT STATION (NE4)/CLARKE QUAY MRT STATION (NE5)/KEPPEL MRT STATION (CC30)/MAXWELL MRT STATION (TE18)/OUTRAM PARK MRT STATION (NE3)/OUTRAM PARK MRT STATION (EW16)/OUTRAM PARK MRT STATION (TE17)/CITY HALL MRT STATION (EW13 / NS25)/BRAS BASAH MRT STATION (CC2)/FORT CANNING MRT STATION (DT20)/CLARKE QUAY MRT STATION/OUTRAM PARK MRT STATION/CITY HALL MRT STATION/DHOBY GHAUT MRT STATION (NS24)/DHOBY GHAUT MRT STATION (CC1)/DHOBY GHAUT MRT STATION (NE6)/HAVELOCK MRT STATION (TE16)/TIONG BAHRU MRT STATION (EW17)/BENCOOLEN MRT STATION (DT21)/ESPLANADE MRT STATION (CC3)/TIONG BAHRU MRT STATION/SHENTON WAY MRT STATION (TE19)/DOWNTOWN MRT STATION (DT17)/RAFFLES PLACE MRT STATION (EW14 / NS26)/TELOK AYER MRT STATION (DT18)/GREAT WORLD MRT STATION (TE15)/RAFFLES PLACE MRT STATION/BUGIS MRT STATION (DT14)/BUGIS MRT STATION (EW12)/BUGIS MRT STATION/PRINCE EDWARD ROAD MRT STATION (CC32)/TANJONG PAGAR MRT STATION (EW15)/SOMERSET MRT STATION/ROCHOR MRT STATION (DT13)/JALAN BESAR MRT STATION (DT22)/SOMERSET MRT STATION (NS23)"
"104","NE5","Clarke Quay","North East Line","NEL",5,"clarkequay",0,0,200.690540922364,1.84103051823484,0.543905369886122,"PROMENADE MRT STATION (DT15)/CLARKE QUAY MRT STATION (NE5)/CITY HALL MRT STATION (EW13 / NS25)/ESPLANADE MRT STATION (CC3)/FORT CANNING MRT STATION (DT20)/GREAT WORLD MRT STATION (TE15)/SOMERSET MRT STATION/CITY HALL MRT STATION/BRAS BASAH MRT STATION (CC2)/BUGIS MRT STATION (DT14)/BUGIS MRT STATION (EW12)/BUGIS MRT STATION/CHINATOWN MRT STATION (DT19)/CHINATOWN MRT STATION (NE4)/MAXWELL MRT STATION (TE18)/OUTRAM PARK MRT STATION (NE3)/OUTRAM PARK MRT STATION (EW16)/OUTRAM PARK MRT STATION (TE17)/CHINATOWN MRT STATION/OUTRAM PARK MRT STATION/SOMERSET MRT STATION (NS23)/PROMENADE MRT STATION (CC4)/ROCHOR MRT STATION (DT13)/BENCOOLEN MRT STATION (DT21)/JALAN BESAR MRT STATION (DT22)/CANTONMENT MRT STATION (CC31)/DHOBY GHAUT MRT STATION (NS24)/DHOBY GHAUT MRT STATION (CC1)/DHOBY GHAUT MRT STATION (NE6)/TANJONG PAGAR MRT STATION (EW15)/LITTLE INDIA MRT STATION (DT12)/LITTLE INDIA MRT STATION (NE7)/LITTLE INDIA MRT STATION/HAVELOCK MRT STATION (TE16)/PRINCE EDWARD ROAD MRT STATION (CC32)/RAFFLES PLACE MRT STATION (EW14 / NS26)/TELOK AYER MRT STATION (DT18)/SHENTON WAY MRT STATION (TE19)/DOWNTOWN MRT STATION (DT17)/RAFFLES PLACE MRT STATION/TIONG BAHRU MRT STATION (EW17)/TIONG BAHRU MRT STATION"
"105","NE6","Dhoby Ghaut","North East Line","NEL",6,"dhobyghaut",1,2,309.43560092593,2.56926901860605,0.84425926604576,"DHOBY GHAUT MRT STATION (NS24)/ROCHOR MRT STATION (DT13)/CITY HALL MRT STATION (EW13 / NS25)/BENCOOLEN MRT STATION (DT21)/BRAS BASAH MRT STATION (CC2)/BUGIS MRT STATION (EW12)/ESPLANADE MRT STATION (CC3)/JALAN BESAR MRT STATION (DT22)/LITTLE INDIA MRT STATION (DT12)/LITTLE INDIA MRT STATION (NE7)/BUGIS MRT STATION/CITY HALL MRT STATION/LITTLE INDIA MRT STATION/CHINATOWN MRT STATION (DT19)/CHINATOWN MRT STATION (NE4)/CLARKE QUAY MRT STATION (NE5)/BENDEMEER MRT STATION (DT23)/CHINATOWN MRT STATION/CLARKE QUAY MRT STATION/RAFFLES PLACE MRT STATION (EW14 / NS26)/TELOK AYER MRT STATION (DT18)/PROMENADE MRT STATION (CC4)/PROMENADE MRT STATION (DT15)/SOMERSET MRT STATION (NS23)/DHOBY GHAUT MRT STATION (NE6)/SOMERSET MRT STATION/FORT CANNING MRT STATION (DT20)/FARRER PARK MRT STATION (NE8)/RAFFLES PLACE MRT STATION/BUGIS MRT STATION (DT14)/FARRER PARK MRT STATION/HAVELOCK MRT STATION (TE16)/GREAT WORLD MRT STATION (TE15)/ORCHARD MRT STATION (NS22)/ORCHARD MRT STATION (TE14)/MAXWELL MRT STATION (TE18)/OUTRAM PARK MRT STATION (NE3)/OUTRAM PARK MRT STATION (EW16)/OUTRAM PARK MRT STATION (TE17)/OUTRAM PARK MRT STATION/NICOLL HIGHWAY MRT STATION (CC5)/LAVENDER MRT STATION (EW11)/LAVENDER MRT STATION"
"106","NE7","Little India","North East Line","NEL",7,"littleindia",1,1,184.184776281845,0.693147180559945,0.500332683837174,"DHOBY GHAUT MRT STATION (NS24)/ROCHOR MRT STATION (DT13)/DHOBY GHAUT MRT STATION (CC1)/CITY HALL MRT STATION (EW13 / NS25)/BENCOOLEN MRT STATION (DT21)/BRAS BASAH MRT STATION (CC2)/ESPLANADE MRT STATION (CC3)/FARRER PARK MRT STATION (NE8)/JALAN BESAR MRT STATION (DT22)/LITTLE INDIA MRT STATION (DT12)/LITTLE INDIA MRT STATION (NE7)/DHOBY GHAUT MRT STATION (NE6)/CITY HALL MRT STATION/FARRER PARK MRT STATION/FORT CANNING MRT STATION (DT20)/CLARKE QUAY MRT STATION (NE5)/BOON KENG MRT STATION (NE9)/CLARKE QUAY MRT STATION/BOON KENG MRT STATION/NOVENA MRT STATION (NS20)/BUGIS MRT STATION (DT14)/BUGIS MRT STATION (EW12)/BUGIS MRT STATION/SOMERSET MRT STATION (NS23)/SOMERSET MRT STATION/BENDEMEER MRT STATION (DT23)/NEWTON MRT STATION (DT11)/NEWTON MRT STATION (NS21)/NEWTON MRT STATION/LAVENDER MRT STATION (EW11)/LAVENDER MRT STATION/NICOLL HIGHWAY MRT STATION (CC5)"
"107","NE8","Farrer Park","North East Line","NEL",8,"farrerpark",0,0,98.953167240855,NA,0.266434044214159,"BENDEMEER MRT STATION (DT23)/FARRER PARK MRT STATION (NE8)/BOON KENG MRT STATION (NE9)/BOON KENG MRT STATION/ROCHOR MRT STATION (DT13)/BUGIS MRT STATION (DT14)/BUGIS MRT STATION (EW12)/JALAN BESAR MRT STATION (DT22)/LAVENDER MRT STATION (EW11)/BUGIS MRT STATION/LAVENDER MRT STATION/DHOBY GHAUT MRT STATION (NS24)/DHOBY GHAUT MRT STATION (CC1)/BENCOOLEN MRT STATION (DT21)/BRAS BASAH MRT STATION (CC2)/LITTLE INDIA MRT STATION (DT12)/LITTLE INDIA MRT STATION (NE7)/DHOBY GHAUT MRT STATION (NE6)/LITTLE INDIA MRT STATION/KALLANG MRT STATION (EW10)/NOVENA MRT STATION (NS20)/POTONG PASIR MRT STATION (NE10)/POTONG PASIR MRT STATION/CITY HALL MRT STATION (EW13 / NS25)/ESPLANADE MRT STATION (CC3)/CITY HALL MRT STATION"
"108","NE9","Boon Keng","North East Line","NEL",9,"boonkeng",0,0,87.3648344687081,0.693147180559945,0.236565232666516,"BENDEMEER MRT STATION (DT23)/ROCHOR MRT STATION (DT13)/JALAN BESAR MRT STATION (DT22)/BOON KENG MRT STATION (NE9)/KALLANG MRT STATION (EW10)/NOVENA MRT STATION (NS20)/POTONG PASIR MRT STATION (NE10)/POTONG PASIR MRT STATION/LAVENDER MRT STATION (EW11)/LAVENDER MRT STATION/BENCOOLEN MRT STATION (DT21)/FARRER PARK MRT STATION (NE8)/LITTLE INDIA MRT STATION (DT12)/LITTLE INDIA MRT STATION (NE7)/FARRER PARK MRT STATION/LITTLE INDIA MRT STATION/BUGIS MRT STATION (EW12)/BUGIS MRT STATION/GEYLANG BAHRU MRT STATION (DT24)/WOODLEIGH MRT STATION (NE11)/WOODLEIGH MRT STATION"
"109","NE10","Potong Pasir","North East Line","NEL",10,"potongpasir",0,0,62.4363192840331,0.728238500371215,0.169512028896136,"BOON KENG MRT STATION (NE9)/GEYLANG BAHRU MRT STATION (DT24)/POTONG PASIR MRT STATION (NE10)/BOON KENG MRT STATION/MATTAR MRT STATION (DT25)/WOODLEIGH MRT STATION (NE11)/WOODLEIGH MRT STATION/TOA PAYOH MRT STATION (NS19)/BENDEMEER MRT STATION (DT23)/FARRER PARK MRT STATION/SERANGOON MRT STATION (CC13)/SERANGOON MRT STATION (NE12)/SERANGOON MRT STATION/TAI SENG MRT STATION (CC11)/ALJUNIED MRT STATION (EW9)"
"110","NE11","Woodleigh","North East Line","NEL",11,"woodleigh",0,0,49.4584689104342,0.728238500371215,0.134568820339426,"BOON KENG MRT STATION (NE9)/POTONG PASIR MRT STATION (NE10)/WOODLEIGH MRT STATION (NE11)/BOON KENG MRT STATION/POTONG PASIR MRT STATION/LORONG CHUAN MRT STATION (CC14)/SERANGOON MRT STATION (CC13)/SERANGOON MRT STATION (NE12)/LORONG CHUAN MRT STATION/SERANGOON MRT STATION/BARTLEY MRT STATION (CC12)/BARTLEY MRT STATION/GEYLANG BAHRU MRT STATION (DT24)/MATTAR MRT STATION (DT25)"
"111","NE12","Serangoon","North East Line","NEL",12,"serangoon",1,1,71.8538865343141,NA,0.196545680898056,"SERANGOON MRT STATION (CC13)/WOODLEIGH MRT STATION (NE11)/SERANGOON MRT STATION (NE12)/WOODLEIGH MRT STATION/POTONG PASIR MRT STATION (NE10)/KOVAN MRT STATION/POTONG PASIR MRT STATION/LORONG CHUAN MRT STATION (CC14)/LORONG CHUAN MRT STATION/KOVAN MRT STATION (NE13)/BARTLEY MRT STATION (CC12)/BARTLEY MRT STATION"
"112","NE13","Kovan","North East Line","NEL",13,"kovan",0,0,28.6687966850891,NA,0.0771915003485418,"SERANGOON MRT STATION (CC13)/KOVAN MRT STATION (NE13)/HOUGANG MRT STATION (NE14)/SERANGOON MRT STATION (NE12)/SERANGOON MRT STATION/HOUGANG MRT STATION/BARTLEY MRT STATION (CC12)/BARTLEY MRT STATION"
"113","NE14","Hougang","North East Line","NEL",14,"hougang",0,0,23.9254527737969,NA,0.0644199202503718,"KOVAN MRT STATION (NE13)/HOUGANG MRT STATION (NE14)/KOVAN MRT STATION/BUANGKOK MRT STATION (NE15)/BUANGKOK MRT STATION/SENGKANG MRT STATION (NE16)"
"114","NE15","Buangkok","North East Line","NEL",15,"buangkok",0,0,14.583765211011,NA,0.0392671771241211,"SENGKANG MRT STATION (NE16)/BUANGKOK MRT STATION (NE15)/HOUGANG MRT STATION (NE14)/HOUGANG MRT STATION"
"115","NE16","Sengkang","North East Line","NEL",16,"sengkang",0,0,12.8891694902366,NA,0.0347044329110433,"BUANGKOK MRT STATION (NE15)/BUANGKOK MRT STATION/PUNGGOL MRT STATION (NE17)/HOUGANG MRT STATION (NE14)/HOUGANG MRT STATION"
"116","NE17","Punggol","North East Line","NEL",17,"punggol",0,0,3.58351893845611,NA,0.00964872039888274,"SENGKANG MRT STATION (NE16)/PUNGGOL COAST MRT STATION (NE18)"
"117","NE18","Punggol Coast","North East Line","NEL",18,"punggolcoast",0,0,1.38629436111989,NA,0.00373263457252897,"PUNGGOL MRT STATION (NE17)"
"118","NS1","Jurong East","North South Line","NSL",1,"jurongeast",1,1,31.2621684105832,NA,0.0872513963100478,"JURONG EAST MRT STATION (JE5)/TOH GUAN MRT STATION/JURONG TOWN HALL MRT STATION/PANDAN RESERVOIR MRT STATION/CHINESE GARDEN MRT STATION (EW25)/BUKIT BATOK WEST MRT STATION/BUKIT BATOK MRT STATION (NS2)"
"119","NS2","Bukit Batok","North South Line","NSL",2,"bukitbatok",0,0,13.5437648248108,NA,0.0364669483229029,"BUKIT BATOK WEST MRT STATION/BUKIT GOMBAK MRT STATION (NS3)/JURONG EAST MRT STATION (EW24 / NS1)/JURONG EAST MRT STATION (JE5)/TOH GUAN MRT STATION/CHINESE GARDEN MRT STATION (EW25)/TENGAH PARK MRT STATION"
"120","NS3","Bukit Gombak","North South Line","NSL",3,"bukitgombak",0,0,3.87120101090789,NA,0.0104233120582348,"BUKIT BATOK MRT STATION (NS2)/TENGAH PARK MRT STATION/TENGAH PLANTATION MRT STATION"
"121","NS4","Choa Chu Kang","North South Line","NSL",4,"choachukang",0,0,17.9743936413239,NA,0.0483965346808825,"CHOA CHU KANG MRT STATION (NS4)/CHOA CHU KANG WEST MRT STATION (JS2)/BUKIT PANJANG MRT STATION (DT1)/BUKIT PANJANG MRT STATION/YEW TEE MRT STATION (NS5)"
"122","NS5","Yew Tee","North South Line","NSL",5,"yewtee",0,0,2.77258872223978,NA,0.00746526914505795,"CHOA CHU KANG MRT STATION (NS4)/CHOA CHU KANG MRT STATION (JS1)"
"123","NS7","Kranji","North South Line","NSL",7,"kranji",0,0,2.19722457733622,NA,0.00591608582635376,"MARSILING MRT STATION (NS8)"
"124","NS8","Marsiling","North South Line","NSL",8,"marsiling",0,0,8.78889830934488,NA,0.0236643433054151,"WOODLANDS MRT STATION (TE2)/WOODLANDS MRT STATION (NS9)/KRANJI MRT STATION (NS7)"
"125","NS9","Woodlands","North South Line","NSL",9,"woodlands",1,1,15.1450059700408,NA,0.0438555062134919,"WOODLANDS MRT STATION (TE2)/MARSILING MRT STATION (NS8)/ADMIRALTY MRT STATION (NS10)/WOODLANDS SOUTH MRT STATION (TE3)"
"126","NS10","Admiralty","North South Line","NSL",10,"admiralty",0,0,5.66296048013595,NA,0.0152476722576762,"WOODLANDS MRT STATION (TE2)/WOODLANDS MRT STATION (NS9)/WOODLANDS SOUTH MRT STATION (TE3)"
"127","NS11","Sembawang","North South Line","NSL",11,"sembawang",0,0,2.07944154167984,NA,0.00559895185879346,"CANBERRA MRT STATION (NS12)"
"128","NS12","Canberra","North South Line","NSL",12,"canberra",0,0,4.15888308335967,NA,0.0111979037175869,"YISHUN MRT STATION (NS13)/SEMBAWANG MRT STATION (NS11)"
"129","NS13","Yishun","North South Line","NSL",13,"yishun",0,0,5.48063892334199,NA,0.0147567665991863,"KHATIB MRT STATION (NS14)/CANBERRA MRT STATION (NS12)"
"130","NS14","Khatib","North South Line","NSL",14,"khatib",0,0,3.40119738166216,NA,0.00915781474039282,"YISHUN MRT STATION (NS13)"
"131","NS15","Yio Chu Kang","North South Line","NSL",15,"yiochukang",0,0,9.87508807801443,NA,0.0265889382518938,"LENTOR MRT STATION (TE5)/MAYFLOWER MRT STATION (TE6)/ANG MO KIO MRT STATION (NS16)/ANG MO KIO MRT STATION"
"132","NS16","Ang Mo Kio","North South Line","NSL",16,"angmokio",0,0,24.745291690712,NA,0.0666273584186335,"ANG MO KIO MRT STATION (NS16)/MAYFLOWER MRT STATION (TE6)/YIO CHU KANG MRT STATION (NS15)/BRIGHT HILL MRT STATION (TE7)/BISHAN MRT STATION (CC15)/BISHAN MRT STATION/BISHAN MRT STATION (NS17)"
"133","NS17","Bishan","North South Line","NSL",17,"bishan",1,1,38.7907854562598,NA,0.107522398671568,"BISHAN MRT STATION (CC15)/BISHAN MRT STATION (NS17)/BRADDELL MRT STATION (NS18)/BRADDELL MRT STATION/UPPER THOMSON MRT STATION (TE8)/MARYMOUNT MRT STATION (CC16)/ANG MO KIO MRT STATION (NS16)/ANG MO KIO MRT STATION/LORONG CHUAN MRT STATION (CC14)"
"134","NS18","Braddell","North South Line","NSL",18,"braddell",0,0,35.0262123215024,NA,0.0943090116520162,"CALDECOTT MRT STATION (TE9)/BRADDELL MRT STATION (NS18)/CALDECOTT MRT STATION (CC17)/TOA PAYOH MRT STATION (NS19)/CALDECOTT MRT STATION/BISHAN MRT STATION (CC15)/BISHAN MRT STATION (NS17)/BISHAN MRT STATION/MARYMOUNT MRT STATION (CC16)/UPPER THOMSON MRT STATION (TE8)/MOUNT PLEASANT MRT STATION (TE10)"
"135","NS19","Toa Payoh","North South Line","NSL",19,"toapayoh",0,0,18.3261414669261,NA,0.0493436250907389,"CALDECOTT MRT STATION (TE9)/BRADDELL MRT STATION (NS18)/CALDECOTT MRT STATION (CC17)/BRADDELL MRT STATION/CALDECOTT MRT STATION/MOUNT PLEASANT MRT STATION (TE10)/NOVENA MRT STATION (NS20)/POTONG PASIR MRT STATION (NE10)/POTONG PASIR MRT STATION"
"136","NS20","Novena","North South Line","NSL",20,"novena",0,0,41.754907575708,NA,0.112426203237193,"FARRER PARK MRT STATION (NE8)/FARRER PARK MRT STATION/MOUNT PLEASANT MRT STATION (TE10)/ROCHOR MRT STATION (DT13)/BENCOOLEN MRT STATION (DT21)/LITTLE INDIA MRT STATION (DT12)/LITTLE INDIA MRT STATION (NE7)/LITTLE INDIA MRT STATION/BUGIS MRT STATION (EW12)/JALAN BESAR MRT STATION (DT22)/BUGIS MRT STATION/CALDECOTT MRT STATION (TE9)/CALDECOTT MRT STATION (CC17)/CALDECOTT MRT STATION/NEWTON MRT STATION (DT11)/NEWTON MRT STATION (NS21)/NEWTON MRT STATION/BOON KENG MRT STATION (NE9)/BOON KENG MRT STATION/TOA PAYOH MRT STATION (NS19)/ORCHARD MRT STATION (NS22)/ORCHARD MRT STATION (TE14)"
"137","NS21","Newton","North South Line","NSL",21,"newton",1,1,100.585135616318,NA,0.273905335992372,"ROCHOR MRT STATION (DT13)/BUGIS MRT STATION (EW12)/JALAN BESAR MRT STATION (DT22)/LITTLE INDIA MRT STATION (DT12)/LITTLE INDIA MRT STATION (NE7)/NEWTON MRT STATION (DT11)/NEWTON MRT STATION (NS21)/STEVENS MRT STATION (DT10)/STEVENS MRT STATION (TE11)/BUGIS MRT STATION/LITTLE INDIA MRT STATION/BUGIS MRT STATION (DT14)/FARRER PARK MRT STATION (NE8)/ORCHARD MRT STATION (NS22)/ORCHARD MRT STATION (TE14)/BOTANIC GARDENS MRT STATION (CC19)/BOTANIC GARDENS MRT STATION (DT9)/BOTANIC GARDENS MRT STATION/NOVENA MRT STATION (NS20)/SOMERSET MRT STATION (NS23)/SOMERSET MRT STATION"
"138","NS22","Orchard","North South Line","NSL",22,"orchard",1,1,103.153646681829,NA,0.280821120599116,"SOMERSET MRT STATION (NS23)/DHOBY GHAUT MRT STATION (NS24)/DHOBY GHAUT MRT STATION (CC1)/BENCOOLEN MRT STATION (DT21)/BRAS BASAH MRT STATION (CC2)/NEWTON MRT STATION (DT11)/NEWTON MRT STATION (NS21)/DHOBY GHAUT MRT STATION (NE6)/ORCHARD MRT STATION (TE14)/SOMERSET MRT STATION/NEWTON MRT STATION/FORT CANNING MRT STATION (DT20)/NAPIER MRT STATION (TE12)/ORCHARD BOULEVARD MRT STATION (TE13)/HAVELOCK MRT STATION (TE16)/GREAT WORLD MRT STATION (TE15)/STEVENS MRT STATION (DT10)/STEVENS MRT STATION (TE11)/NOVENA MRT STATION (NS20)/TIONG BAHRU MRT STATION (EW17)/TIONG BAHRU MRT STATION"
"139","NS23","Somerset","North South Line","NSL",23,"somerset",0,0,155.962908237021,0.728238500371215,0.421334866215199,"SOMERSET MRT STATION (NS23)/DHOBY GHAUT MRT STATION (NS24)/DHOBY GHAUT MRT STATION (CC1)/CITY HALL MRT STATION (EW13 / NS25)/BENCOOLEN MRT STATION (DT21)/BRAS BASAH MRT STATION (CC2)/ESPLANADE MRT STATION (CC3)/ORCHARD BOULEVARD MRT STATION (TE13)/DHOBY GHAUT MRT STATION (NE6)/ORCHARD MRT STATION (NS22)/ORCHARD MRT STATION (TE14)/CITY HALL MRT STATION/HAVELOCK MRT STATION (TE16)/FORT CANNING MRT STATION (DT20)/CLARKE QUAY MRT STATION (NE5)/CLARKE QUAY MRT STATION/CHINATOWN MRT STATION (DT19)/CHINATOWN MRT STATION (NE4)/CHINATOWN MRT STATION/BUGIS MRT STATION (DT14)/BUGIS MRT STATION (EW12)/BUGIS MRT STATION/ROCHOR MRT STATION (DT13)/JALAN BESAR MRT STATION (DT22)/LITTLE INDIA MRT STATION (DT12)/LITTLE INDIA MRT STATION (NE7)/LITTLE INDIA MRT STATION/NEWTON MRT STATION (DT11)/NEWTON MRT STATION (NS21)/NEWTON MRT STATION/NAPIER MRT STATION (TE12)/GREAT WORLD MRT STATION (TE15)/TIONG BAHRU MRT STATION (EW17)/TIONG BAHRU MRT STATION"
"140","NS24","Dhoby Ghaut","North South Line","NSL",24,"dhobyghaut",1,2,309.43560092593,2.56926901860605,0.84425926604576,"DHOBY GHAUT MRT STATION (NS24)/ROCHOR MRT STATION (DT13)/CITY HALL MRT STATION (EW13 / NS25)/BENCOOLEN MRT STATION (DT21)/BRAS BASAH MRT STATION (CC2)/BUGIS MRT STATION (EW12)/ESPLANADE MRT STATION (CC3)/JALAN BESAR MRT STATION (DT22)/LITTLE INDIA MRT STATION (DT12)/LITTLE INDIA MRT STATION (NE7)/BUGIS MRT STATION/CITY HALL MRT STATION/LITTLE INDIA MRT STATION/CHINATOWN MRT STATION (DT19)/CHINATOWN MRT STATION (NE4)/CLARKE QUAY MRT STATION (NE5)/BENDEMEER MRT STATION (DT23)/CHINATOWN MRT STATION/CLARKE QUAY MRT STATION/RAFFLES PLACE MRT STATION (EW14 / NS26)/TELOK AYER MRT STATION (DT18)/PROMENADE MRT STATION (CC4)/PROMENADE MRT STATION (DT15)/SOMERSET MRT STATION (NS23)/DHOBY GHAUT MRT STATION (NE6)/SOMERSET MRT STATION/FORT CANNING MRT STATION (DT20)/FARRER PARK MRT STATION (NE8)/RAFFLES PLACE MRT STATION/BUGIS MRT STATION (DT14)/FARRER PARK MRT STATION/HAVELOCK MRT STATION (TE16)/GREAT WORLD MRT STATION (TE15)/ORCHARD MRT STATION (NS22)/ORCHARD MRT STATION (TE14)/MAXWELL MRT STATION (TE18)/OUTRAM PARK MRT STATION (NE3)/OUTRAM PARK MRT STATION (EW16)/OUTRAM PARK MRT STATION (TE17)/OUTRAM PARK MRT STATION/NICOLL HIGHWAY MRT STATION (CC5)/LAVENDER MRT STATION (EW11)/LAVENDER MRT STATION"
"141","NS25","City Hall","North South Line","NSL",25,"cityhall",1,1,285.531354045334,2.78966153654837,0.777243136105925,"CHINATOWN MRT STATION (DT19)/CHINATOWN MRT STATION (NE4)/CLARKE QUAY MRT STATION (NE5)/MAXWELL MRT STATION (TE18)/ROCHOR MRT STATION (DT13)/CITY HALL MRT STATION (EW13 / NS25)/BENCOOLEN MRT STATION (DT21)/BRAS BASAH MRT STATION (CC2)/BUGIS MRT STATION (DT14)/BUGIS MRT STATION (EW12)/ESPLANADE MRT STATION (CC3)/FORT CANNING MRT STATION (DT20)/JALAN BESAR MRT STATION (DT22)/LAVENDER MRT STATION (EW11)/CHINATOWN MRT STATION/CLARKE QUAY MRT STATION/BUGIS MRT STATION/LAVENDER MRT STATION/SOMERSET MRT STATION (NS23)/BENDEMEER MRT STATION (DT23)/DHOBY GHAUT MRT STATION (NS24)/DHOBY GHAUT MRT STATION (CC1)/DHOBY GHAUT MRT STATION (NE6)/SOMERSET MRT STATION/OUTRAM PARK MRT STATION (NE3)/OUTRAM PARK MRT STATION (EW16)/OUTRAM PARK MRT STATION (TE17)/OUTRAM PARK MRT STATION/RAFFLES PLACE MRT STATION (EW14 / NS26)/RAFFLES PLACE MRT STATION/PROMENADE MRT STATION (CC4)/PROMENADE MRT STATION (DT15)/LITTLE INDIA MRT STATION (DT12)/LITTLE INDIA MRT STATION (NE7)/LITTLE INDIA MRT STATION/TELOK AYER MRT STATION (DT18)/SHENTON WAY MRT STATION (TE19)/DOWNTOWN MRT STATION (DT17)/NICOLL HIGHWAY MRT STATION (CC5)/TANJONG PAGAR MRT STATION (EW15)/PRINCE EDWARD ROAD MRT STATION (CC32)/GREAT WORLD MRT STATION (TE15)/BAYFRONT MRT STATION (DT16 / CE1)/FARRER PARK MRT STATION (NE8)/HAVELOCK MRT STATION (TE16)/FARRER PARK MRT STATION"
"142","NS26","Raffles Place","North South Line","NSL",26,"rafflesplace",1,1,206.835267832941,2.66549058668341,0.565113013583501,"SHENTON WAY MRT STATION (TE19)/DOWNTOWN MRT STATION (DT17)/PROMENADE MRT STATION (CC4)/NICOLL HIGHWAY MRT STATION (CC5)/RAFFLES PLACE MRT STATION (EW14 / NS26)/TELOK AYER MRT STATION (DT18)/PRINCE EDWARD ROAD MRT STATION (CC32)/TANJONG PAGAR MRT STATION (EW15)/CITY HALL MRT STATION (EW13 / NS25)/BUGIS MRT STATION (DT14)/ESPLANADE MRT STATION (CC3)/BUGIS MRT STATION/CITY HALL MRT STATION/BUGIS MRT STATION (EW12)/BENCOOLEN MRT STATION (DT21)/BRAS BASAH MRT STATION (CC2)/MAXWELL MRT STATION (TE18)/DHOBY GHAUT MRT STATION (NS24)/DHOBY GHAUT MRT STATION (CC1)/DHOBY GHAUT MRT STATION (NE6)/PROMENADE MRT STATION (DT15)/CANTONMENT MRT STATION (CC31)/CHINATOWN MRT STATION (DT19)/CHINATOWN MRT STATION (NE4)/CLARKE QUAY MRT STATION (NE5)/HAVELOCK MRT STATION (TE16)/GREAT WORLD MRT STATION (TE15)/CHINATOWN MRT STATION/CLARKE QUAY MRT STATION/OUTRAM PARK MRT STATION (NE3)/OUTRAM PARK MRT STATION (EW16)/OUTRAM PARK MRT STATION (TE17)/OUTRAM PARK MRT STATION/MARINA BAY MRT STATION (CE2)/MARINA BAY MRT STATION (NS27)/BAYFRONT MRT STATION (DT16 / CE1)/MARINA BAY MRT STATION/GARDENS BY THE BAY MRT STATION (TE22)/MARINA SOUTH MRT STATION (TE21)"
"143","NS27","Marina Bay","North South Line","NSL",27,"marinabay",1,2,137.507663650431,1.70906775338294,0.37968433778939,"MARINA BAY MRT STATION (CE2)/MARINA BAY MRT STATION (NS27)/SHENTON WAY MRT STATION (TE19)/BAYFRONT MRT STATION (DT16 / CE1)/DOWNTOWN MRT STATION (DT17)/PROMENADE MRT STATION (DT15)/RAFFLES PLACE MRT STATION (EW14 / NS26)/TELOK AYER MRT STATION (DT18)/PRINCE EDWARD ROAD MRT STATION (CC32)/TANJONG PAGAR MRT STATION (EW15)/RAFFLES PLACE MRT STATION/GARDENS BY THE BAY MRT STATION (TE22)/MARINA SOUTH MRT STATION (TE21)/MAXWELL MRT STATION (TE18)/PROMENADE MRT STATION (CC4)/MARINA BAY MRT STATION (TE20)/CANTONMENT MRT STATION (CC31)/MARINA SOUTH PIER MRT STATION (NS28)"
"144","NS28","Marina South Pier","North South Line","NSL",28,"marinasouthpier",0,0,5.54517744447956,1.05605267424931,0.0169615740153188,"MARINA BAY MRT STATION (CE2)/MARINA BAY MRT STATION (NS27)/MARINA BAY MRT STATION (TE20)/SHENTON WAY MRT STATION (TE19)/DOWNTOWN MRT STATION (DT17)/MARINA SOUTH MRT STATION (TE21)/MARINA BAY MRT STATION/GARDENS BY THE BAY MRT STATION (TE22)"
"145","TE1","Woodlands North","Thomson East Coast Line","TEL",1,"woodlandsnorth",0,0,NA,NA,0,NA
"146","TE2","Woodlands","Thomson East Coast Line","TEL",2,"woodlands",1,1,15.1450059700408,NA,0.0438555062134919,"WOODLANDS MRT STATION (TE2)/MARSILING MRT STATION (NS8)/ADMIRALTY MRT STATION (NS10)/WOODLANDS SOUTH MRT STATION (TE3)"
"147","TE3","Woodlands South","Thomson East Coast Line","TEL",3,"woodlandssouth",0,0,4.27666611901606,NA,0.0115150376851472,"WOODLANDS MRT STATION (TE2)/WOODLANDS MRT STATION (NS9)/ADMIRALTY MRT STATION (NS10)"
"148","TE4","Springleaf","Thomson East Coast Line","TEL",4,"springleaf",0,0,NA,NA,0,NA
"149","TE5","Lentor","Thomson East Coast Line","TEL",5,"lentor",0,0,3.17805383034795,NA,0.00855699477197034,"YIO CHU KANG MRT STATION (NS15)/MAYFLOWER MRT STATION (TE6)"
"150","TE6","Mayflower","Thomson East Coast Line","TEL",6,"mayflower",0,0,10.8967393255464,NA,0.0293397615074429,"LENTOR MRT STATION (TE5)/ANG MO KIO MRT STATION (NS16)/ANG MO KIO MRT STATION/BRIGHT HILL MRT STATION (TE7)/YIO CHU KANG MRT STATION (NS15)"
"151","TE7","Bright Hill","Thomson East Coast Line","TEL",7,"brighthill",0,0,13.0613386755666,NA,0.0351680030383628,"UPPER THOMSON MRT STATION (TE8)/BISHAN MRT STATION (CC15)/BISHAN MRT STATION (NS17)/MARYMOUNT MRT STATION (CC16)/ANG MO KIO MRT STATION (NS16)/MAYFLOWER MRT STATION (TE6)/ANG MO KIO MRT STATION"
"152","TE8","Upper Thomson","Thomson East Coast Line","TEL",8,"upperthomson",0,0,16.2342774052477,NA,0.0437112252652473,"CALDECOTT MRT STATION (TE9)/CALDECOTT MRT STATION (CC17)/MARYMOUNT MRT STATION (CC16)/CALDECOTT MRT STATION/BRIGHT HILL MRT STATION (TE7)/BRADDELL MRT STATION (NS18)/BRADDELL MRT STATION/BISHAN MRT STATION (CC15)/BISHAN MRT STATION (NS17)/BISHAN MRT STATION"
"153","TE9","Caldecott","Thomson East Coast Line","TEL",9,"caldecott",1,1,40.8382730888934,NA,0.113035313777289,"CALDECOTT MRT STATION (TE9)/CALDECOTT MRT STATION (CC17)/MARYMOUNT MRT STATION (CC16)/MOUNT PLEASANT MRT STATION (TE10)/BRADDELL MRT STATION (NS18)/NOVENA MRT STATION (NS20)/BRADDELL MRT STATION/TOA PAYOH MRT STATION (NS19)/UPPER THOMSON MRT STATION (TE8)"
"154","TE11","Stevens","Thomson East Coast Line","TEL",11,"stevens",1,1,47.2750842075802,NA,0.130366599536138,"BOTANIC GARDENS MRT STATION (CC19)/NEWTON MRT STATION (DT11)/NEWTON MRT STATION (NS21)/BOTANIC GARDENS MRT STATION (DT9)/STEVENS MRT STATION (TE11)/BOTANIC GARDENS MRT STATION/NEWTON MRT STATION/TAN KAH KEE MRT STATION (DT8)/TAN KAH KEE MRT STATION/FARRER ROAD MRT STATION (CC20)/MOUNT PLEASANT MRT STATION (TE10)/ORCHARD MRT STATION (NS22)/ORCHARD MRT STATION (TE14)"
"155","TE12","Napier","Thomson East Coast Line","TEL",12,"napier",0,0,14.5655181079533,0.810930216216329,0.0407776543505034,"ORCHARD BOULEVARD MRT STATION (TE13)/ORCHARD MRT STATION (NS22)/ORCHARD MRT STATION (TE14)/GREAT WORLD MRT STATION (TE15)/SOMERSET MRT STATION (NS23)/SOMERSET MRT STATION/FARRER ROAD MRT STATION (CC20)/REDHILL MRT STATION (EW18)"
"156","TE13","Orchard Boulevard","Thomson East Coast Line","TEL",13,"orchardboulevard",0,0,16.0286714745988,0.810930216216329,0.0447172338470551,"NAPIER MRT STATION (TE12)/ORCHARD MRT STATION (NS22)/ORCHARD MRT STATION (TE14)/SOMERSET MRT STATION (NS23)/SOMERSET MRT STATION/REDHILL MRT STATION (EW18)/GREAT WORLD MRT STATION (TE15)/HAVELOCK MRT STATION (TE16)"
"157","TE14","Orchard","Thomson East Coast Line","TEL",14,"orchard",1,1,103.153646681829,NA,0.280821120599116,"SOMERSET MRT STATION (NS23)/DHOBY GHAUT MRT STATION (NS24)/DHOBY GHAUT MRT STATION (CC1)/BENCOOLEN MRT STATION (DT21)/BRAS BASAH MRT STATION (CC2)/NEWTON MRT STATION (DT11)/NEWTON MRT STATION (NS21)/DHOBY GHAUT MRT STATION (NE6)/ORCHARD MRT STATION (TE14)/SOMERSET MRT STATION/NEWTON MRT STATION/FORT CANNING MRT STATION (DT20)/NAPIER MRT STATION (TE12)/ORCHARD BOULEVARD MRT STATION (TE13)/HAVELOCK MRT STATION (TE16)/GREAT WORLD MRT STATION (TE15)/STEVENS MRT STATION (DT10)/STEVENS MRT STATION (TE11)/NOVENA MRT STATION (NS20)/TIONG BAHRU MRT STATION (EW17)/TIONG BAHRU MRT STATION"
"158","TE15","Great World","Thomson East Coast Line","TEL",15,"greatworld",0,0,58.3607836420848,NA,0.157137967816844,"HAVELOCK MRT STATION (TE16)/TIONG BAHRU MRT STATION (EW17)/ORCHARD MRT STATION (NS22)/ORCHARD MRT STATION (TE14)/TIONG BAHRU MRT STATION/SOMERSET MRT STATION/ORCHARD BOULEVARD MRT STATION (TE13)/CHINATOWN MRT STATION (DT19)/CHINATOWN MRT STATION (NE4)/MAXWELL MRT STATION (TE18)/OUTRAM PARK MRT STATION (NE3)/OUTRAM PARK MRT STATION (EW16)/OUTRAM PARK MRT STATION (TE17)/CHINATOWN MRT STATION/OUTRAM PARK MRT STATION/SOMERSET MRT STATION (NS23)/FORT CANNING MRT STATION (DT20)/REDHILL MRT STATION (EW18)/SHENTON WAY MRT STATION (TE19)/RAFFLES PLACE MRT STATION (EW14 / NS26)/TELOK AYER MRT STATION (DT18)/CLARKE QUAY MRT STATION (NE5)/CLARKE QUAY MRT STATION/RAFFLES PLACE MRT STATION/DHOBY GHAUT MRT STATION (NS24)/DHOBY GHAUT MRT STATION (CC1)/DHOBY GHAUT MRT STATION (NE6)/CITY HALL MRT STATION (EW13 / NS25)/CITY HALL MRT STATION/BRAS BASAH MRT STATION (CC2)/NAPIER MRT STATION (TE12)"
"159","TE16","Havelock","Thomson East Coast Line","TEL",16,"havelock",0,0,65.4098303281942,NA,0.176117714183761,"OUTRAM PARK MRT STATION (NE3)/PRINCE EDWARD ROAD MRT STATION (CC32)/TANJONG PAGAR MRT STATION (EW15)/OUTRAM PARK MRT STATION (EW16)/OUTRAM PARK MRT STATION (TE17)/TIONG BAHRU MRT STATION (EW17)/GREAT WORLD MRT STATION (TE15)/OUTRAM PARK MRT STATION/TIONG BAHRU MRT STATION/CANTONMENT MRT STATION (CC31)/CHINATOWN MRT STATION (DT19)/CHINATOWN MRT STATION (NE4)/CLARKE QUAY MRT STATION (NE5)/MAXWELL MRT STATION (TE18)/FORT CANNING MRT STATION (DT20)/CHINATOWN MRT STATION/CLARKE QUAY MRT STATION/REDHILL MRT STATION (EW18)/TELOK AYER MRT STATION (DT18)/DHOBY GHAUT MRT STATION (NS24)/DHOBY GHAUT MRT STATION (CC1)/DHOBY GHAUT MRT STATION (NE6)/ORCHARD MRT STATION (NS22)/ORCHARD MRT STATION (TE14)/ORCHARD BOULEVARD MRT STATION (TE13)/SOMERSET MRT STATION (NS23)/SOMERSET MRT STATION/SHENTON WAY MRT STATION (TE19)/RAFFLES PLACE MRT STATION (EW14 / NS26)/RAFFLES PLACE MRT STATION/CITY HALL MRT STATION (EW13 / NS25)/BRAS BASAH MRT STATION (CC2)/CITY HALL MRT STATION"
"160","TE17","Outram Park","Thomson East Coast Line","TEL",17,"outrampark",1,2,309.843656057074,1.42138568093116,0.84315031785894,"CHINATOWN MRT STATION (DT19)/CANTONMENT MRT STATION (CC31)/CHINATOWN MRT STATION (NE4)/CLARKE QUAY MRT STATION (NE5)/KEPPEL MRT STATION (CC30)/MAXWELL MRT STATION (TE18)/OUTRAM PARK MRT STATION (NE3)/OUTRAM PARK MRT STATION (EW16)/OUTRAM PARK MRT STATION (TE17)/CITY HALL MRT STATION (EW13 / NS25)/BRAS BASAH MRT STATION (CC2)/FORT CANNING MRT STATION (DT20)/CHINATOWN MRT STATION/CLARKE QUAY MRT STATION/CITY HALL MRT STATION/DHOBY GHAUT MRT STATION (NS24)/DHOBY GHAUT MRT STATION (CC1)/DHOBY GHAUT MRT STATION (NE6)/HAVELOCK MRT STATION (TE16)/TIONG BAHRU MRT STATION (EW17)/BENCOOLEN MRT STATION (DT21)/ESPLANADE MRT STATION (CC3)/TIONG BAHRU MRT STATION/SHENTON WAY MRT STATION (TE19)/DOWNTOWN MRT STATION (DT17)/RAFFLES PLACE MRT STATION (EW14 / NS26)/TELOK AYER MRT STATION (DT18)/GREAT WORLD MRT STATION (TE15)/RAFFLES PLACE MRT STATION/PRINCE EDWARD ROAD MRT STATION (CC32)/TANJONG PAGAR MRT STATION (EW15)/BUGIS MRT STATION (EW12)/BUGIS MRT STATION"
"161","TE18","Maxwell","Thomson East Coast Line","TEL",18,"maxwell",0,0,105.744252847894,3.37175018033585,0.291203885893172,"SHENTON WAY MRT STATION (TE19)/DOWNTOWN MRT STATION (DT17)/RAFFLES PLACE MRT STATION (EW14 / NS26)/TELOK AYER MRT STATION (DT18)/CANTONMENT MRT STATION (CC31)/PRINCE EDWARD ROAD MRT STATION (CC32)/TANJONG PAGAR MRT STATION (EW15)/CITY HALL MRT STATION (EW13 / NS25)/ESPLANADE MRT STATION (CC3)/RAFFLES PLACE MRT STATION/CITY HALL MRT STATION/CHINATOWN MRT STATION (DT19)/CHINATOWN MRT STATION (NE4)/CLARKE QUAY MRT STATION (NE5)/CHINATOWN MRT STATION/CLARKE QUAY MRT STATION/MARINA BAY MRT STATION (CE2)/MARINA BAY MRT STATION (NS27)/BAYFRONT MRT STATION (DT16 / CE1)/MARINA SOUTH MRT STATION (TE21)/MARINA BAY MRT STATION/OUTRAM PARK MRT STATION (NE3)/OUTRAM PARK MRT STATION (EW16)/OUTRAM PARK MRT STATION (TE17)/OUTRAM PARK MRT STATION/KEPPEL MRT STATION (CC30)/BRAS BASAH MRT STATION (CC2)/FORT CANNING MRT STATION (DT20)/DHOBY GHAUT MRT STATION (NS24)/DHOBY GHAUT MRT STATION (CC1)/DHOBY GHAUT MRT STATION (NE6)/HAVELOCK MRT STATION (TE16)/TIONG BAHRU MRT STATION (EW17)/BENCOOLEN MRT STATION (DT21)/TIONG BAHRU MRT STATION/GREAT WORLD MRT STATION (TE15)/BUGIS MRT STATION (DT14)/BUGIS MRT STATION (EW12)/BUGIS MRT STATION"
"162","TE19","Shenton Way","Thomson East Coast Line","TEL",19,"shentonway",0,0,90.4848187266197,3.61861025826738,0.250592221727417,"DOWNTOWN MRT STATION (DT17)/PROMENADE MRT STATION (CC4)/RAFFLES PLACE MRT STATION (EW14 / NS26)/TELOK AYER MRT STATION (DT18)/CANTONMENT MRT STATION (CC31)/PRINCE EDWARD ROAD MRT STATION (CC32)/TANJONG PAGAR MRT STATION (EW15)/CITY HALL MRT STATION (EW13 / NS25)/BUGIS MRT STATION (DT14)/ESPLANADE MRT STATION (CC3)/RAFFLES PLACE MRT STATION/BUGIS MRT STATION/CITY HALL MRT STATION/BUGIS MRT STATION (EW12)/BENCOOLEN MRT STATION (DT21)/BRAS BASAH MRT STATION (CC2)/PROMENADE MRT STATION (DT15)/CHINATOWN MRT STATION (DT19)/CHINATOWN MRT STATION (NE4)/CLARKE QUAY MRT STATION (NE5)/MAXWELL MRT STATION (TE18)/HAVELOCK MRT STATION (TE16)/GREAT WORLD MRT STATION (TE15)/CHINATOWN MRT STATION/CLARKE QUAY MRT STATION/OUTRAM PARK MRT STATION (NE3)/OUTRAM PARK MRT STATION (EW16)/OUTRAM PARK MRT STATION (TE17)/OUTRAM PARK MRT STATION/MARINA BAY MRT STATION (CE2)/MARINA BAY MRT STATION (NS27)/BAYFRONT MRT STATION (DT16 / CE1)/MARINA BAY MRT STATION/MARINA BAY MRT STATION (TE20)/MARINA SOUTH MRT STATION (TE21)/MARINA SOUTH PIER MRT STATION (NS28)"
"163","TE20","Marina Bay","Thomson East Coast Line","TEL",20,"marinabay",1,2,137.507663650431,1.70906775338294,0.37968433778939,"MARINA BAY MRT STATION (CE2)/MARINA BAY MRT STATION (NS27)/SHENTON WAY MRT STATION (TE19)/BAYFRONT MRT STATION (DT16 / CE1)/DOWNTOWN MRT STATION (DT17)/PROMENADE MRT STATION (DT15)/RAFFLES PLACE MRT STATION (EW14 / NS26)/TELOK AYER MRT STATION (DT18)/PRINCE EDWARD ROAD MRT STATION (CC32)/TANJONG PAGAR MRT STATION (EW15)/RAFFLES PLACE MRT STATION/GARDENS BY THE BAY MRT STATION (TE22)/MARINA SOUTH MRT STATION (TE21)/MAXWELL MRT STATION (TE18)/PROMENADE MRT STATION (CC4)/MARINA BAY MRT STATION (TE20)/CANTONMENT MRT STATION (CC31)/MARINA SOUTH PIER MRT STATION (NS28)"
"164","TE22","Gardens by The Bay","Thomson East Coast Line","TEL",22,"gardensbythebay",0,0,6.93147180559945,NA,0.0186631728626449,"MARINA BAY MRT STATION (CE2)/MARINA BAY MRT STATION (NS27)/BAYFRONT MRT STATION (DT16 / CE1)/DOWNTOWN MRT STATION (DT17)/MARINA SOUTH MRT STATION (TE21)/RAFFLES PLACE MRT STATION (EW14 / NS26)/TELOK AYER MRT STATION (DT18)/MARINA BAY MRT STATION/RAFFLES PLACE MRT STATION/MARINA SOUTH PIER MRT STATION (NS28)"
"165","TE23","Tanjong Rhu","Thomson East Coast Line","TEL",23,"tanjongrhu",0,0,5.95064255258773,NA,0.0160222639170283,"NICOLL HIGHWAY MRT STATION (CC5)/STADIUM MRT STATION (CC6)/KATONG PARK MRT STATION (TE24)/MOUNTBATTEN MRT STATION (CC7)/MOUNTBATTEN MRT STATION"
"166","TE24","Katong Park","Thomson East Coast Line","TEL",24,"katongpark",0,0,17.5004542772246,NA,0.0471204402918881,"TANJONG RHU MRT STATION (TE23)/NICOLL HIGHWAY MRT STATION (CC5)/MOUNTBATTEN MRT STATION (CC7)/MOUNTBATTEN MRT STATION/TANJONG KATONG MRT STATION (TE25)/MARINE PARADE MRT STATION (TE26)/STADIUM MRT STATION (CC6)/KALLANG MRT STATION (EW10)/DAKOTA MRT STATION (CC8)/DAKOTA MRT STATION"
"167","TE25","Tanjong Katong","Thomson East Coast Line","TEL",25,"tanjongkatong",0,0,20.881032371684,NA,0.0562227370510841,"MARINE PARADE MRT STATION (TE26)/MOUNTBATTEN MRT STATION (CC7)/KATONG PARK MRT STATION (TE24)/MOUNTBATTEN MRT STATION/DAKOTA MRT STATION (CC8)/MARINE TERRACE MRT STATION (TE27)/DAKOTA MRT STATION/PAYA LEBAR MRT STATION (CC9)/PAYA LEBAR MRT STATION (EW8)"
"168","TE26","Marine Parade","Thomson East Coast Line","TEL",26,"marineparade",0,0,14.0058002844074,NA,0.0377109911312652,"TANJONG KATONG MRT STATION (TE25)/MARINE TERRACE MRT STATION (TE27)/KATONG PARK MRT STATION (TE24)/EUNOS MRT STATION (EW7)/DAKOTA MRT STATION (CC8)/DAKOTA MRT STATION"
"169","TE27","Marine Terrace","Thomson East Coast Line","TEL",27,"marineterrace",0,0,12.5831382791166,NA,0.0338804357060221,"TANJONG KATONG MRT STATION (TE25)/MARINE PARADE MRT STATION (TE26)/SIGLAP MRT STATION (TE28)/KEMBANGAN MRT STATION (EW6)/EUNOS MRT STATION (EW7)"
"170","TE28","Siglap","Thomson East Coast Line","TEL",28,"siglap",0,0,10.317251463459,NA,0.0277794749701443,"MARINE TERRACE MRT STATION (TE27)/BEDOK MRT STATION (EW5)/BAYSHORE MRT STATION (TE29)/BEDOK SOUTH MRT STATION (TE30)"
"171","TE29","Bayshore","Thomson East Coast Line","TEL",29,"bayshore",0,0,9.40096073158483,NA,0.0253123377154573,"SIGLAP MRT STATION (TE28)/BEDOK SOUTH MRT STATION (TE30)/BEDOK MRT STATION (EW5)/TANAH MERAH MRT STATION (EW4)/SUNGEI BEDOK MRT STATION (TE31 / DT37)"
